-- phpMyAdmin SQL Dump
-- version 4.3.11
-- http://www.phpmyadmin.net
--
-- Host: 127.0.0.1
-- Generation Time: Nov 21, 2017 at 12:32 PM
-- Server version: 5.6.24
-- PHP Version: 5.6.8

SET SQL_MODE = "NO_AUTO_VALUE_ON_ZERO";
SET time_zone = "+00:00";


/*!40101 SET @OLD_CHARACTER_SET_CLIENT=@@CHARACTER_SET_CLIENT */;
/*!40101 SET @OLD_CHARACTER_SET_RESULTS=@@CHARACTER_SET_RESULTS */;
/*!40101 SET @OLD_COLLATION_CONNECTION=@@COLLATION_CONNECTION */;
/*!40101 SET NAMES utf8 */;

--
-- Database: `toko_material`
--

-- --------------------------------------------------------

--
-- Table structure for table `barang`
--

CREATE TABLE IF NOT EXISTS `barang` (
  `id_barang` int(11) NOT NULL,
  `id_kategori` int(11) NOT NULL,
  `id_satuan` int(20) DEFAULT NULL,
  `nama_barang` varchar(50) NOT NULL,
  `stok` int(8) NOT NULL,
  `hrg_beli` bigint(20) DEFAULT NULL,
  `hrg_jual_eceran` bigint(20) DEFAULT NULL,
  `hrg_jual_grosir` bigint(20) DEFAULT NULL,
  `gudang` varchar(20) NOT NULL,
  `created_by` varchar(20) NOT NULL,
  `created_date` date NOT NULL,
  `updated_by` varchar(20) NOT NULL,
  `updated_date` date NOT NULL
) ENGINE=InnoDB AUTO_INCREMENT=389 DEFAULT CHARSET=latin1;

--
-- Dumping data for table `barang`
--

INSERT INTO `barang` (`id_barang`, `id_kategori`, `id_satuan`, `nama_barang`, `stok`, `hrg_beli`, `hrg_jual_eceran`, `hrg_jual_grosir`, `gudang`, `created_by`, `created_date`, `updated_by`, `updated_date`) VALUES
(1, 3, 1, 'ARRIVO', 151, 33500, 37000, 35000, 'Gudang A', 'CT-ADM-0001', '0000-00-00', '-', '0000-00-00'),
(2, 3, 2, 'ARRIVO', 185, 18500, 23000, 20000, 'Gudang A', 'CT-ADM-0001', '0000-00-00', '-', '0000-00-00'),
(3, 3, 3, 'ARRIVO', 2238, 9300, 12000, 9750, 'Gudang A', 'CT-ADM-0001', '0000-00-00', '-', '0000-00-00'),
(4, 3, 1, 'AKODAN', 0, 0, 0, 0, 'Gudang A', 'CT-ADM-0001', '0000-00-00', '-', '0000-00-00'),
(5, 3, 3, 'AKODAN', -2, 0, 0, 0, 'Gudang A', 'CT-ADM-0001', '0000-00-00', '-', '0000-00-00'),
(6, 3, 1, 'AKODANI ', 0, 0, 0, 0, 'Gudang A', 'CT-ADM-0001', '0000-00-00', '-', '0000-00-00'),
(7, 3, 4, 'ANTRACOL', 21, 32000, 35000, 33500, 'Gudang A', 'CT-ADM-0001', '0000-00-00', '-', '0000-00-00'),
(8, 3, 5, 'ALLY PLUS', 1589, 8100, 10000, 8500, 'Gudang A', 'CT-ADM-0001', '0000-00-00', '-', '0000-00-00'),
(9, 3, 1, 'ALAMI', 56, 9000, 12500, 11000, 'Gudang A', 'CT-ADM-0001', '0000-00-00', '-', '0000-00-00'),
(10, 3, 3, 'ATONIK', 22, 11000, 15000, 12500, 'Gudang A', 'CT-ADM-0001', '0000-00-00', '-', '0000-00-00'),
(11, 3, 6, 'AMEGRAS', 20, 77000, 85000, 82000, 'Gudang A', 'CT-ADM-0001', '0000-00-00', '-', '0000-00-00'),
(12, 3, 3, 'BAYLUCIDE', 81, 40000, 30000, 28500, 'Gudang A', 'CT-ADM-0001', '0000-00-00', '-', '0000-00-00'),
(13, 3, 7, 'BULDOK', 24, 23500, 25000, 0, 'Gudang A', 'CT-ADM-0001', '0000-00-00', '-', '0000-00-00'),
(14, 3, 1, 'BASSA', 0, 0, 0, 0, 'Gudang A', 'CT-ADM-0001', '0000-00-00', '-', '0000-00-00'),
(15, 3, 3, 'BASSA', 44, 11000, 15000, 0, 'Gudang A', 'CT-ADM-0001', '0000-00-00', '-', '0000-00-00'),
(16, 3, 8, 'BIOTERMIKILL', 8, 145000, 170000, 0, 'Gudang A', 'CT-ADM-0001', '0000-00-00', '-', '0000-00-00'),
(17, 3, 3, 'BIOTERMIKILL', 91, 17500, 22000, 0, 'Gudang A', 'CT-ADM-0001', '0000-00-00', '-', '0000-00-00'),
(18, 3, 8, 'BINTREK', 10, 115000, 165000, 0, 'Gudang A', 'CT-ADM-0001', '0000-00-00', '-', '0000-00-00'),
(19, 3, 3, 'BINTREK', 37, 234, 22000, 20000, 'Gudang A', 'CT-ADM-0001', '0000-00-00', '-', '0000-00-00'),
(20, 3, 9, 'BENTAN 60 WP', 427, 41500, 50000, 0, 'Gudang A', 'CT-ADM-0001', '0000-00-00', '-', '0000-00-00'),
(21, 3, 9, 'BENTAN 45 WP', 297, 38000, 45000, 0, 'Gudang A', 'CT-ADM-0001', '0000-00-00', '-', '0000-00-00'),
(22, 3, 3, 'CURACRON', 74, 25000, 28000, 0, 'Gudang A', 'CT-ADM-0001', '0000-00-00', '-', '0000-00-00'),
(23, 3, 9, 'CONFIDOR', 37, 23000, 25000, 0, 'Gudang A', 'CT-ADM-0001', '0000-00-00', '-', '0000-00-00'),
(24, 3, 9, 'CITROLE', 12, 9000, 15000, 0, 'Gudang A', 'CT-ADM-0001', '0000-00-00', '-', '0000-00-00'),
(25, 3, 2, 'DECIS', 12, 25000, 30000, 0, 'Gudang A', 'CT-ADM-0001', '0000-00-00', '-', '0000-00-00'),
(26, 3, 3, 'DECIS', 9, 40000, 58000, 55000, 'Gudang A', 'CT-ADM-0001', '0000-00-00', '-', '0000-00-00'),
(27, 3, 10, 'DECIS', 301, 12000, 15000, 13000, 'Gudang A', 'CT-ADM-0001', '0000-00-00', '-', '0000-00-00'),
(28, 3, 4, 'DITHANE', 392, 30000, 25000, 23000, 'Gudang A', 'CT-ADM-0001', '0000-00-00', '-', '0000-00-00'),
(29, 3, 11, 'DMA - 6', 35, 23000, 25000, 0, 'Gudang A', 'CT-ADM-0001', '0000-00-00', '-', '0000-00-00'),
(30, 3, 12, 'DMA - 6', 200, 36500, 40000, 38000, 'Gudang A', 'CT-ADM-0001', '0000-00-00', '-', '0000-00-00'),
(31, 3, 1, 'DARMABAS', 80, 20000, 23500, 21000, 'Gudang A', 'CT-ADM-0001', '0000-00-00', '-', '0000-00-00'),
(32, 3, 3, 'DARMABAS', 8, 31000, 37000, 33000, 'Gudang A', 'CT-ADM-0001', '0000-00-00', '-', '0000-00-00'),
(33, 3, 8, 'DURSBAN', 102, 11000, 15000, 12000, 'Gudang A', 'CT-ADM-0001', '0000-00-00', '-', '0000-00-00'),
(34, 3, 1, 'DURSBAN', 8, 74000, 77000, 75500, 'Gudang A', 'CT-ADM-0001', '0000-00-00', '-', '0000-00-00'),
(35, 3, 3, 'DURSBAN', 0, 31000, 35000, 32000, 'Gudang A', 'CT-ADM-0001', '0000-00-00', '-', '0000-00-00'),
(36, 3, 13, 'DEKASTAR BUAH', 14, 12000, 15000, 13000, 'Gudang A', 'CT-ADM-0001', '0000-00-00', '-', '0000-00-00'),
(37, 3, 13, 'DEKASTAR DAUN', 13, 43000, 45000, 0, 'Gudang A', 'CT-ADM-0001', '0000-00-00', '-', '0000-00-00'),
(38, 3, 9, 'DEKASTAR BUAH', 9, 43000, 45000, 0, 'Gudang A', 'CT-ADM-0001', '0000-00-00', '-', '0000-00-00'),
(39, 3, 9, 'DEKASTAR DAUN', -20, 13000, 15000, 0, 'Gudang A', 'CT-ADM-0001', '0000-00-00', '-', '0000-00-00'),
(40, 3, 8, 'EM 4 PERTANIAN', 20, 13000, 15000, 0, 'Gudang A', 'CT-ADM-0001', '0000-00-00', '-', '0000-00-00'),
(41, 3, 8, 'EM 4 PERIKANAN', 129, 12500, 17000, 14000, 'Gudang A', 'CT-ADM-0001', '0000-00-00', '-', '0000-00-00'),
(42, 3, 8, 'EM 4 PERTERNAKAN', 1, 12500, 17000, 14000, 'Gudang A', 'CT-ADM-0001', '0000-00-00', '-', '0000-00-00'),
(43, 3, 8, 'EM 4 TOILET', 87, 12500, 17000, 14000, 'Gudang A', 'CT-ADM-0001', '0000-00-00', '-', '0000-00-00'),
(44, 3, 1, 'FASTAC', 14, 12500, 17000, 14000, 'Gudang A', 'CT-ADM-0001', '0000-00-00', '-', '0000-00-00'),
(45, 3, 14, 'FASTAC', 62, 40500, 45000, 42000, 'Gudang A', 'CT-ADM-0001', '0000-00-00', '-', '0000-00-00'),
(46, 3, 3, 'FASTAC', 129, 23500, 28000, 25000, 'Gudang A', 'CT-ADM-0001', '0000-00-00', '-', '0000-00-00'),
(47, 3, 15, 'FURADAN', 1573, 9300, 12000, 9750, 'Gudang A', 'CT-ADM-0001', '0000-00-00', '-', '0000-00-00'),
(48, 3, 16, 'FURADAN', 609, 32500, 40000, 0, 'Gudang A', 'CT-ADM-0001', '0000-00-00', '-', '0000-00-00'),
(49, 3, 13, 'GANDASIL B', 456, 18500, 25000, 0, 'Gudang A', 'CT-ADM-0001', '0000-00-00', '-', '0000-00-00'),
(50, 3, 13, 'GANDASIL D', 0, 0, 0, 0, 'Gudang A', 'CT-ADM-0001', '0000-00-00', '-', '0000-00-00'),
(51, 3, 9, 'GANDASIL B', 0, 0, 0, 0, 'Gudang A', 'CT-ADM-0001', '0000-00-00', '-', '0000-00-00'),
(52, 3, 9, 'GANDASIL D', 112, 5750, 10000, 6500, 'Gudang A', 'CT-ADM-0001', '0000-00-00', '-', '0000-00-00'),
(53, 3, 3, 'GOAL ', 0, 5750, 10000, 6500, 'Gudang A', 'CT-ADM-0001', '0000-00-00', '-', '0000-00-00'),
(54, 3, 10, 'GOAL ', 0, 43500, 47000, 44000, 'Gudang A', 'CT-ADM-0001', '0000-00-00', '-', '0000-00-00'),
(55, 3, 2, 'GOLSTAR', 0, 0, 0, 0, 'Gudang A', 'CT-ADM-0001', '0000-00-00', '-', '0000-00-00'),
(56, 3, 3, 'GA 3', 1, 175000, 200000, 0, 'Gudang A', 'CT-ADM-0001', '0000-00-00', '-', '0000-00-00'),
(57, 3, 8, 'GRAMOXONE', 10, 13000, 15000, 0, 'Gudang A', 'CT-ADM-0001', '0000-00-00', '-', '0000-00-00'),
(58, 3, 1, 'GRAMOXONE', 186, 55000, 60000, 57000, 'Gudang A', 'CT-ADM-0001', '0000-00-00', '-', '0000-00-00'),
(59, 3, 2, 'GRAMOXONE', 426, 31000, 35000, 32500, 'Gudang A', 'CT-ADM-0001', '0000-00-00', '-', '0000-00-00'),
(60, 3, 3, 'GROW UP STANG PENDEK', 645, 18250, 23000, 19000, 'Gudang A', 'CT-ADM-0001', '0000-00-00', '-', '0000-00-00'),
(61, 3, 3, 'GROW UP TUNAS', 8, 28000, 30000, 0, 'Gudang A', 'CT-ADM-0001', '0000-00-00', '-', '0000-00-00'),
(62, 3, 13, 'GROW MORE 20 - 20 - 20', -79, 28000, 30000, 0, 'Gudang A', 'CT-ADM-0001', '0000-00-00', '-', '0000-00-00'),
(63, 3, 13, 'GROW MORE 30 - 10 - 10', 10, 23000, 25000, 0, 'Gudang A', 'CT-ADM-0001', '0000-00-00', '-', '0000-00-00'),
(64, 3, 13, 'GROW MORE KUNING', 0, 23000, 25000, 0, 'Gudang A', 'CT-ADM-0001', '0000-00-00', '-', '0000-00-00'),
(65, 3, 8, 'HANTU', 0, 23000, 25000, 0, 'Gudang A', 'CT-ADM-0001', '0000-00-00', '-', '0000-00-00'),
(66, 3, 1, 'HANTU', 0, 95000, 110000, 0, 'Gudang A', 'CT-ADM-0001', '0000-00-00', '-', '0000-00-00'),
(67, 3, 1, 'INDODAN', 11, 65000, 75000, 0, 'Gudang A', 'CT-ADM-0001', '0000-00-00', '-', '0000-00-00'),
(68, 3, 14, 'INDODAN', 0, 0, 0, 0, 'Gudang A', 'CT-ADM-0001', '0000-00-00', '-', '0000-00-00'),
(69, 3, 3, 'INDODAN', 0, 0, 0, 0, 'Gudang A', 'CT-ADM-0001', '0000-00-00', '-', '0000-00-00'),
(70, 3, 11, 'KANON', 0, 0, 0, 0, 'Gudang A', 'CT-ADM-0001', '0000-00-00', '-', '0000-00-00'),
(71, 3, 3, 'KANON', 151, 37000, 45000, 38500, 'Gudang A', 'CT-ADM-0001', '0000-00-00', '-', '0000-00-00'),
(72, 3, 3, 'KEMUT', 2834, 9500, 15000, 10000, 'Gudang A', 'CT-ADM-0001', '0000-00-00', '-', '0000-00-00'),
(73, 3, 17, 'LANAT MERAH 25 WP', 17, 16500, 20000, 0, 'Gudang A', 'CT-ADM-0001', '0000-00-00', '-', '0000-00-00'),
(74, 3, 17, 'LANAT BIRU ', 5028, 2800, 5000, 2900, 'Gudang A', 'CT-ADM-0001', '0000-00-00', '-', '0000-00-00'),
(75, 3, 11, 'LINDOMIN', 131, 4300, 8000, 4500, 'Gudang A', 'CT-ADM-0001', '0000-00-00', '-', '0000-00-00'),
(76, 3, 12, 'LINDOMIN', 22, 33000, 35000, 0, 'Gudang A', 'CT-ADM-0001', '0000-00-00', '-', '0000-00-00'),
(77, 3, 1, 'LEBAYCIDE', -2, 16000, 20000, 0, 'Gudang A', 'CT-ADM-0001', '0000-00-00', '-', '0000-00-00'),
(78, 3, 3, 'LEBAYCIDE', 0, 0, 0, 0, 'Gudang A', 'CT-ADM-0001', '0000-00-00', '-', '0000-00-00'),
(79, 3, 7, 'MATADOR ', 289, 20000, 23000, 0, 'Gudang A', 'CT-ADM-0001', '0000-00-00', '-', '0000-00-00'),
(80, 3, 10, 'MATADOR ', 60, 23500, 25000, 0, 'Gudang A', 'CT-ADM-0001', '0000-00-00', '-', '0000-00-00'),
(81, 3, 9, 'MIPCINTA 50 WP', 43, 13500, 15000, 0, 'Gudang A', 'CT-ADM-0001', '0000-00-00', '-', '0000-00-00'),
(82, 3, 9, 'NORDOK', 577, 7750, 10000, 0, 'Gudang A', 'CT-ADM-0001', '0000-00-00', '-', '0000-00-00'),
(83, 3, 13, 'NASA POC', 83, 16000, 20000, 0, 'Gudang A', 'CT-ADM-0001', '0000-00-00', '-', '0000-00-00'),
(84, 3, 13, 'NASA SUPERNASA', 8, 29000, 35000, 0, 'Gudang A', 'CT-ADM-0001', '0000-00-00', '-', '0000-00-00'),
(85, 3, 13, 'NASA VITERNA', 32, 42500, 47500, 0, 'Gudang A', 'CT-ADM-0001', '0000-00-00', '-', '0000-00-00'),
(86, 3, 18, 'NASA HORMONIK', 0, 37500, 42500, 0, 'Gudang A', 'CT-ADM-0001', '0000-00-00', '-', '0000-00-00'),
(87, 3, 3, 'NUTRIGO', 23, 24000, 30000, 0, 'Gudang A', 'CT-ADM-0001', '0000-00-00', '-', '0000-00-00'),
(88, 3, 19, 'PETROGENOL', 20, 13000, 15000, 0, 'Gudang A', 'CT-ADM-0001', '0000-00-00', '-', '0000-00-00'),
(89, 3, 8, 'PETRO CHICK', 416, 4150, 8000, 5000, 'Gudang A', 'CT-ADM-0001', '0000-00-00', '-', '0000-00-00'),
(90, 3, 8, 'PETRO BIOFEED', 0, 35600, 45000, 0, 'Gudang A', 'CT-ADM-0001', '0000-00-00', '-', '0000-00-00'),
(91, 3, 8, 'PETRO FISH', 0, 35600, 45000, 0, 'Gudang A', 'CT-ADM-0001', '0000-00-00', '-', '0000-00-00'),
(92, 3, 20, 'PETROBIO FERTILL', 9, 32222, 45000, 0, 'Gudang A', 'CT-ADM-0001', '0000-00-00', '-', '0000-00-00'),
(93, 3, 9, 'PROCID', 43, 50000, 60000, 52500, 'Gudang A', 'CT-ADM-0001', '0000-00-00', '-', '0000-00-00'),
(94, 3, 9, 'PLANT CATALIS', 0, 30000, 35000, 0, 'Gudang A', 'CT-ADM-0001', '0000-00-00', '-', '0000-00-00'),
(95, 3, 16, 'RAPHANE SAPI', 123, 12700, 17000, 0, 'Gudang A', 'CT-ADM-0001', '0000-00-00', '-', '0000-00-00'),
(96, 3, 1, 'REGENT CAIR', 1629, 4600, 8000, 6000, 'Gudang A', 'CT-ADM-0001', '0000-00-00', '-', '0000-00-00'),
(97, 3, 3, 'REGENT CAIR', 0, 15000, 16000, 0, 'Gudang A', 'CT-ADM-0001', '0000-00-00', '-', '0000-00-00'),
(98, 3, 16, 'REGENT BUBUK', 13, 114000, 120000, 0, 'Gudang A', 'CT-ADM-0001', '0000-00-00', '-', '0000-00-00'),
(99, 3, 10, 'RAYDOK', 587, 25500, 30000, 26000, 'Gudang A', 'CT-ADM-0001', '0000-00-00', '-', '0000-00-00'),
(100, 3, 3, 'RICE STAR', 47, 0, 35000, 0, 'Gudang A', 'CT-ADM-0001', '0000-00-00', '-', '0000-00-00'),
(101, 3, 1, 'RIPCORD ', 20, 9000, 11000, 0, 'Gudang A', 'CT-ADM-0001', '0000-00-00', '-', '0000-00-00'),
(102, 3, 14, 'RIPCORD ', 97, 43500, 46000, 0, 'Gudang A', 'CT-ADM-0001', '0000-00-00', '-', '0000-00-00'),
(103, 3, 3, 'RIPCORD ', 15, 49000, 55000, 0, 'Gudang A', 'CT-ADM-0001', '0000-00-00', '-', '0000-00-00'),
(104, 3, 21, 'ROUNDUP', 24, 30000, 35000, 0, 'Gudang A', 'CT-ADM-0001', '0000-00-00', '-', '0000-00-00'),
(105, 3, 8, 'ROUNDUP', 304, 11000, 15000, 0, 'Gudang A', 'CT-ADM-0001', '0000-00-00', '-', '0000-00-00'),
(106, 3, 12, 'ROUNDUP', 42, 246000, 270000, 0, 'Gudang A', 'CT-ADM-0001', '0000-00-00', '-', '0000-00-00'),
(107, 3, 3, 'ROOT- UP', 105, 65000, 70000, 67000, 'Gudang A', 'CT-ADM-0001', '0000-00-00', '-', '0000-00-00'),
(108, 3, 22, 'SAROMIL', 2654, 14500, 20000, 15500, 'Gudang A', 'CT-ADM-0001', '0000-00-00', '-', '0000-00-00'),
(109, 3, 11, 'SIDATAN', 10, 30000, 35000, 0, 'Gudang A', 'CT-ADM-0001', '0000-00-00', '-', '0000-00-00'),
(110, 3, 12, 'SIDATAN', 103, 11000, 15000, 0, 'Gudang A', 'CT-ADM-0001', '0000-00-00', '-', '0000-00-00'),
(111, 3, 11, 'SISTRIN', 488, 5500, 8000, 6000, 'Gudang A', 'CT-ADM-0001', '0000-00-00', '-', '0000-00-00'),
(112, 3, 3, 'SISTRIN', 7, 12750, 20000, 0, 'Gudang A', 'CT-ADM-0001', '0000-00-00', '-', '0000-00-00'),
(113, 3, 15, 'SIDAFUR', 190, 28000, 35000, 0, 'Gudang A', 'CT-ADM-0001', '0000-00-00', '-', '0000-00-00'),
(114, 3, 16, 'SIDAFUR', 35, 27000, 35000, 0, 'Gudang A', 'CT-ADM-0001', '0000-00-00', '-', '0000-00-00'),
(115, 3, 8, 'SIDAMIN', 1144, 8500, 15000, 0, 'Gudang A', 'CT-ADM-0001', '0000-00-00', '-', '0000-00-00'),
(116, 3, 12, 'SIDAMIN', 389, 18760, 30000, 0, 'Gudang A', 'CT-ADM-0001', '0000-00-00', '-', '0000-00-00'),
(117, 3, 8, 'SIDA UP ', 0, 0, 0, 0, 'Gudang A', 'CT-ADM-0001', '0000-00-00', '-', '0000-00-00'),
(118, 3, 11, 'SIDA UP ', 74, 58800, 65000, 0, 'Gudang A', 'CT-ADM-0001', '0000-00-00', '-', '0000-00-00'),
(119, 3, 11, 'SIDAMETRIN 50 EC', 43, 18000, 20000, 0, 'Gudang A', 'CT-ADM-0001', '0000-00-00', '-', '0000-00-00'),
(120, 3, 3, 'SIDAMETRIN 50 EC', 0, 51425, 75000, 0, 'Gudang A', 'CT-ADM-0001', '0000-00-00', '-', '0000-00-00'),
(121, 3, 8, 'SUPER FLORA', 590, 23500, 40000, 0, 'Gudang A', 'CT-ADM-0001', '0000-00-00', '-', '0000-00-00'),
(122, 3, 1, 'SUPER FLORA', 195, 26400, 35000, 0, 'Gudang A', 'CT-ADM-0001', '0000-00-00', '-', '0000-00-00'),
(123, 3, 14, 'SUPER OERSTRIND', 249, 7900, 15000, 0, 'Gudang A', 'CT-ADM-0001', '0000-00-00', '-', '0000-00-00'),
(124, 3, 13, 'SUPER OERSTRIND B', 468, 9500, 15000, 0, 'Gudang A', 'CT-ADM-0001', '0000-00-00', '-', '0000-00-00'),
(125, 3, 13, 'SUPER OERSTRIND D', 210, 7000, 10000, 0, 'Gudang A', 'CT-ADM-0001', '0000-00-00', '-', '0000-00-00'),
(126, 3, 9, 'SUPER OERSTRIND B', 46, 4500, 8000, 0, 'Gudang A', 'CT-ADM-0001', '0000-00-00', '-', '0000-00-00'),
(127, 3, 9, 'SUPER OERSTRIND D', 0, 10000, 12500, 0, 'Gudang A', 'CT-ADM-0001', '0000-00-00', '-', '0000-00-00'),
(128, 3, 13, 'SAMPURNA B', 0, 10000, 12500, 0, 'Gudang A', 'CT-ADM-0001', '0000-00-00', '-', '0000-00-00'),
(129, 3, 13, 'SAMPURNA D', 0, 700, 2000, 0, 'Gudang A', 'CT-ADM-0001', '0000-00-00', '-', '0000-00-00'),
(130, 3, 9, 'SAMPURNA B', 0, 700, 2000, 0, 'Gudang A', 'CT-ADM-0001', '0000-00-00', '-', '0000-00-00'),
(131, 3, 9, 'SAMPURNA D', 0, 10000, 12500, 0, 'Gudang A', 'CT-ADM-0001', '0000-00-00', '-', '0000-00-00'),
(132, 3, 23, 'SAMPONIN', 0, 10000, 12500, 0, 'Gudang A', 'CT-ADM-0001', '0000-00-00', '-', '0000-00-00'),
(133, 3, 14, 'SEPRINT', 0, 700, 2000, 0, 'Gudang A', 'CT-ADM-0001', '0000-00-00', '-', '0000-00-00'),
(134, 3, 8, 'SUPERMES E', 0, 700, 2000, 0, 'Gudang A', 'CT-ADM-0001', '0000-00-00', '-', '0000-00-00'),
(135, 3, 3, 'SCORE', 555, 8400, 10000, 0, 'Gudang A', 'CT-ADM-0001', '0000-00-00', '-', '0000-00-00'),
(136, 3, 15, 'SATURN D', 15, 36000, 43000, 0, 'Gudang A', 'CT-ADM-0001', '0000-00-00', '-', '0000-00-00'),
(137, 3, 1, 'STARBAN', 77, 45000, 50000, 0, 'Gudang A', 'CT-ADM-0001', '0000-00-00', '-', '0000-00-00'),
(138, 3, 3, 'STARBAN', 400, 26500, 30000, 27500, 'Gudang A', 'CT-ADM-0001', '0000-00-00', '-', '0000-00-00'),
(139, 3, 8, 'TERMIKON', 569, 64500, 70000, 66000, 'Gudang A', 'CT-ADM-0001', '0000-00-00', '-', '0000-00-00'),
(140, 3, 3, 'TERMIKON', 2428, 16250, 20000, 17000, 'Gudang A', 'CT-ADM-0001', '0000-00-00', '-', '0000-00-00'),
(141, 3, 3, 'VIRTAKO', 0, 0, 0, 0, 'Gudang A', 'CT-ADM-0001', '0000-00-00', '-', '0000-00-00'),
(142, 3, 24, 'VIRTAKO', 15, 6500, 10000, 8500, 'Gudang A', 'CT-ADM-0001', '0000-00-00', '-', '0000-00-00'),
(143, 3, 8, 'VITAGROW', 11, 23000, 192500, 0, 'Gudang A', 'CT-ADM-0001', '0000-00-00', '-', '0000-00-00'),
(144, 3, 13, 'BAYAM 808', 15, 20750, 25000, 0, 'Gudang A', 'CT-ADM-0001', '0000-00-00', '-', '0000-00-00'),
(145, 3, 13, 'BAYAM MAESTRO', 20, 17000, 25000, 0, 'Gudang A', 'CT-ADM-0001', '0000-00-00', '-', '0000-00-00'),
(146, 3, 25, 'BAWANG TUK TUK', 16, 15000, 17000, 0, 'Gudang A', 'CT-ADM-0001', '0000-00-00', '-', '0000-00-00'),
(147, 4, 26, 'BAYAM 808 500 GR ', 1, 36500, 42500, 40000, 'Gudang A', 'CT-ADM-0001', '0000-00-00', '-', '0000-00-00'),
(148, 4, 25, 'BAYAM MAESTRO 500 GR', 7, 37500, 42500, 40000, 'Gudang A', 'CT-ADM-0001', '0000-00-00', '-', '0000-00-00'),
(149, 4, 25, 'BAYAM MERAH RED 100 GR', 1, 0, 0, 0, 'Gudang A', 'CT-ADM-0001', '0000-00-00', '-', '0000-00-00'),
(150, 4, 27, 'BAYAM BELANG ', 3, 0, 0, 0, 'Gudang A', 'CT-ADM-0001', '0000-00-00', '-', '0000-00-00'),
(151, 4, 28, 'BAWANG TUK TUK 10 GR', 2, 14000, 20000, 18000, 'Gudang A', 'CT-ADM-0001', '0000-00-00', '-', '0000-00-00'),
(152, 4, 29, 'BUNCIS PERKASA 225 BUTIR', 0, 0, 0, 0, 'Gudang A', 'CT-ADM-0001', '0000-00-00', '-', '0000-00-00'),
(153, 4, 27, 'CABE SUPER SAE 10 GR', 0, 17500, 23000, 20000, 'Gudang A', 'CT-ADM-0001', '0000-00-00', '-', '0000-00-00'),
(154, 4, 25, 'CABE RAWIT CIAMIK 10 GR', 12, 15000, 23000, 20000, 'Gudang A', 'CT-ADM-0001', '0000-00-00', '-', '0000-00-00'),
(155, 4, 25, 'CABE BESAR F1 PANEX 125 BUTIR', 0, 0, 0, 0, 'Gudang A', 'CT-ADM-0001', '0000-00-00', '-', '0000-00-00'),
(156, 4, 25, 'CABE DEWATA 350 BUTIR', 0, 0, 0, 0, 'Gudang A', 'CT-ADM-0001', '0000-00-00', '-', '0000-00-00'),
(157, 4, 30, 'CABE BERLIAN PUTIH 20 GR', 12, 16000, 23000, 21000, 'Gudang A', 'CT-ADM-0001', '0000-00-00', '-', '0000-00-00'),
(158, 4, 24, 'CABE GADA F1 125 BUTIR', 5, 9000, 15000, 12000, 'Gudang A', 'CT-ADM-0001', '0000-00-00', '-', '0000-00-00'),
(159, 4, 31, 'CABE TPB 01 10 GR', 16, 16000, 23000, 21000, 'Gudang A', 'CT-ADM-0001', '0000-00-00', '-', '0000-00-00'),
(160, 4, 32, 'CABE RAJATA 10 GR', 8, 17000, 23000, 21000, 'Gudang A', 'CT-ADM-0001', '0000-00-00', '-', '0000-00-00'),
(161, 4, 33, 'CABE APOI 10 GR', 8, 12000, 20000, 18000, 'Gudang A', 'CT-ADM-0001', '0000-00-00', '-', '0000-00-00'),
(162, 4, 29, 'SAWI TOSAKAN KALENG', 0, 38000, 42500, 40000, 'Gudang A', 'CT-ADM-0001', '0000-00-00', '-', '0000-00-00'),
(163, 4, 17, 'SAWI TOSAKAN 20 GR', 0, 9000, 15000, 13000, 'Gudang A', 'CT-ADM-0001', '0000-00-00', '-', '0000-00-00'),
(164, 4, 34, 'SAWI PAK COY EUIKIN 50 GR', 2, 28000, 32500, 30000, 'Gudang A', 'CT-ADM-0001', '0000-00-00', '-', '0000-00-00'),
(165, 4, 25, 'SAWI MANIS 25 GR', 19, 7000, 12000, 10000, 'Gudang A', 'CT-ADM-0001', '0000-00-00', '-', '0000-00-00'),
(166, 4, 25, 'SAWI PAK CHOY GREEN 20 GR', 80, 12000, 18000, 15000, 'Gudang A', 'CT-ADM-0001', '0000-00-00', '-', '0000-00-00'),
(167, 4, 35, 'SELEDRI AMINO 20 GR', 3, 3000, 30000, 28000, 'Gudang A', 'CT-ADM-0001', '0000-00-00', '-', '0000-00-00'),
(168, 4, 25, 'SELADA GRAND RAPIDS 15 GR', 0, 11000, 16000, 0, 'Gudang A', 'CT-ADM-0001', '0000-00-00', '-', '0000-00-00'),
(169, 4, 25, 'SEMANGKA AMOR F1 400 BUTIR', 0, 35000, 40000, 37500, 'Gudang A', 'CT-ADM-0001', '0000-00-00', '-', '0000-00-00'),
(170, 4, 22, 'SEMANGKA MARDY F1 10 GR', 7, 40000, 45000, 42500, 'Gudang A', 'CT-ADM-0001', '0000-00-00', '-', '0000-00-00'),
(171, 4, 22, 'SEMANGKA MADURI F1 10 GR', 5, 37500, 45000, 42500, 'Gudang A', 'CT-ADM-0001', '0000-00-00', '-', '0000-00-00'),
(172, 4, 25, 'TERONG MUSTANG 1100 BUTIR', 0, 12000, 17000, 15000, 'Gudang A', 'CT-ADM-0001', '0000-00-00', '-', '0000-00-00'),
(173, 4, 29, 'TERONG SUPLEMEN 10 GR', 0, 17500, 23000, 20000, 'Gudang A', 'CT-ADM-0001', '0000-00-00', '-', '0000-00-00'),
(174, 4, 22, 'TERONG HIJO 10 GR', 1, 17500, 23000, 20000, 'Gudang A', 'CT-ADM-0001', '0000-00-00', '-', '0000-00-00'),
(175, 4, 36, 'TERONG WINER F1 5 GR', 10, 15000, 20000, 18000, 'Gudang A', 'CT-ADM-0001', '0000-00-00', '-', '0000-00-00'),
(176, 4, 16, 'TERONG CITO F1 5GR', 11, 15000, 20000, 18000, 'Gudang A', 'CT-ADM-0001', '0000-00-00', '-', '0000-00-00'),
(177, 4, 13, 'TERONG KANIA F1 5 GR', 4, 0, 0, 0, 'Gudang A', 'CT-ADM-0001', '0000-00-00', '-', '0000-00-00'),
(178, 4, 32, 'TOMAT MURNI 10 GR', 0, 16000, 23000, 21000, 'Gudang A', 'CT-ADM-0001', '0000-00-00', '-', '0000-00-00'),
(179, 4, 29, 'TOMAT NAYA 20 GR', 0, 8000, 13000, 11000, 'Gudang A', 'CT-ADM-0001', '0000-00-00', '-', '0000-00-00'),
(180, 4, 29, 'TOMAT MAUDY 5 GR', 1, 15000, 20000, 18000, 'Gudang A', 'CT-ADM-0001', '0000-00-00', '-', '0000-00-00'),
(181, 4, 29, 'TOMAT PERMATA F1 150 BUTIR', 7, 18000, 23000, 21000, 'Gudang A', 'CT-ADM-0001', '0000-00-00', '-', '0000-00-00'),
(182, 4, 29, 'KANGKUNG 808 1 KG', 17, 36500, 40000, 38500, 'Gudang A', 'CT-ADM-0001', '0000-00-00', '-', '0000-00-00'),
(183, 4, 29, 'KANGKUNG NYENTRIK 500 GR', 27, 16000, 22000, 20000, 'Gudang A', 'CT-ADM-0001', '0000-00-00', '-', '0000-00-00'),
(184, 4, 25, 'KETIMUN ROYALTY 25 GR', 0, 17000, 23000, 20000, 'Gudang A', 'CT-ADM-0001', '0000-00-00', '-', '0000-00-00'),
(185, 4, 29, 'KETIMUN PANDA 20 GR', 0, 10000, 15000, 12000, 'Gudang A', 'CT-ADM-0001', '0000-00-00', '-', '0000-00-00'),
(186, 4, 13, 'KETIMUN VANESA 20 GR', 107, 11000, 17000, 13000, 'Gudang A', 'CT-ADM-0001', '0000-00-00', '-', '0000-00-00'),
(187, 4, 13, 'KETMUN UPIN 20 GR', 13, 8000, 15000, 10000, 'Gudang A', 'CT-ADM-0001', '0000-00-00', '-', '0000-00-00'),
(188, 4, 13, 'KETIMUN SALJU 20 GR', -180, 10000, 15000, 12000, 'Gudang A', 'CT-ADM-0001', '0000-00-00', '-', '0000-00-00'),
(189, 4, 13, 'KETIMUN HERCULES 20 GR', 1, 28500, 32500, 30500, 'Gudang A', 'CT-ADM-0001', '0000-00-00', '-', '0000-00-00'),
(190, 4, 25, 'KETIMUN UPO 10 GR', 0, 12500, 20000, 17500, 'Gudang A', 'CT-ADM-0001', '0000-00-00', '-', '0000-00-00'),
(191, 4, 51, 'KETIMUN WUKU 20 GR', 6, 14000, 20000, 16000, 'Gudang A', 'CT-ADM-0001', '0000-00-00', '-', '0000-00-00'),
(192, 4, 47, 'KP 777 500 GR', 0, 55000, 65000, 58000, 'Gudang A', 'CT-ADM-0001', '0000-00-00', '-', '0000-00-00'),
(193, 4, 25, 'KP HIJAU SUPER 500 GR', 4, 27500, 35000, 30000, 'Gudang A', 'CT-ADM-0001', '0000-00-00', '-', '0000-00-00'),
(194, 4, 25, 'KP JAMUS 500 GR', 11, 35000, 40000, 37500, 'Gudang A', 'CT-ADM-0001', '0000-00-00', '-', '0000-00-00'),
(195, 4, 51, 'KP IMUT 500 GR', 9, 35000, 40000, 37500, 'Gudang A', 'CT-ADM-0001', '0000-00-00', '-', '0000-00-00'),
(196, 4, 48, 'LABU BALISTIK 10 GR', 4, 15500, 20000, 18500, 'Gudang A', 'CT-ADM-0001', '0000-00-00', '-', '0000-00-00'),
(197, 4, 48, 'LABU WULUHAN', 0, 17500, 23000, 20000, 'Gudang A', 'CT-ADM-0001', '0000-00-00', '-', '0000-00-00'),
(198, 4, 49, 'LABU SUPREMA 95 BUTIR', 1, 18500, 23000, 20000, 'Gudang A', 'CT-ADM-0001', '0000-00-00', '-', '0000-00-00'),
(199, 4, 9, 'MELON MELANI F1 10 GR', 3, 43500, 47000, 45500, 'Gudang A', 'CT-ADM-0001', '0000-00-00', '-', '0000-00-00'),
(200, 4, 16, 'PARE RUSH F1 10 GR', 14, 12000, 17000, 15000, 'Gudang A', 'CT-ADM-0001', '0000-00-00', '-', '0000-00-00'),
(201, 4, 16, 'PEPAYA 808 ', 7, 16000, 23000, 0, 'Gudang A', 'CT-ADM-0001', '0000-00-00', '-', '0000-00-00'),
(202, 4, 25, 'PEPAYA KATEZ 1 GR', 2, 15000, 23000, 0, 'Gudang A', 'CT-ADM-0001', '0000-00-00', '-', '0000-00-00'),
(203, 4, 52, 'PEPAYA KONSTANTI 1 GR', 8, 15000, 23000, 0, 'Gudang A', 'CT-ADM-0001', '0000-00-00', '-', '0000-00-00'),
(204, 4, 50, 'PEPAYA PELOPOR 60 BUTIR', -23, 17500, 23000, 0, 'Gudang A', 'CT-ADM-0001', '0000-00-00', '-', '0000-00-00'),
(205, 4, 50, 'JAGUNG CAHAYA 100 GR', 5, 12000, 17000, 0, 'Gudang A', 'CT-ADM-0001', '0000-00-00', '-', '0000-00-00'),
(206, 4, 50, 'JAGUNG BISI 2  1KG', 0, 0, 0, 0, 'Gudang A', 'CT-ADM-0001', '0000-00-00', '-', '0000-00-00'),
(207, 4, 50, 'JAGUNG BISI - 16 1KG', 0, 0, 0, 0, 'Gudang A', 'CT-ADM-0001', '0000-00-00', '-', '0000-00-00'),
(208, 4, 50, 'OYONG PANAH FI 10 GR', 20, 12000, 17000, 0, 'Gudang A', 'CT-ADM-0001', '0000-00-00', '-', '0000-00-00'),
(209, 4, 50, 'OYONG PRIMA F1 75 BUTIR', 10, 15000, 20000, 0, 'Gudang A', 'CT-ADM-0001', '0000-00-00', '-', '0000-00-00'),
(210, 4, 50, 'INPARI 14 PAKUAN ES 10 KG', 0, 9300, 10300, 9700, 'Gudang A', 'CT-ADM-0001', '0000-00-00', '-', '0000-00-00'),
(211, 4, 50, 'INPARI SIDENUK SS 10 KG', 0, 9600, 10600, 10000, 'Gudang A', 'CT-ADM-0001', '0000-00-00', '-', '0000-00-00'),
(212, 4, 50, 'INPARI 4 SS 10 KG', 0, 9600, 10600, 10000, 'Gudang A', 'CT-ADM-0001', '0000-00-00', '-', '0000-00-00'),
(213, 4, 50, 'INPARI 30 SS 10 KG', 0, 9600, 10600, 10000, 'Gudang A', 'CT-ADM-0001', '0000-00-00', '-', '0000-00-00'),
(214, 4, 50, 'IR 66 SS 10 KG', 0, 9600, 10600, 10000, 'Gudang A', 'CT-ADM-0001', '0000-00-00', '-', '0000-00-00'),
(215, 4, 50, 'IR 64 SS 10 KG', 0, 9900, 10900, 10300, 'Gudang A', 'CT-ADM-0001', '0000-00-00', '-', '0000-00-00'),
(216, 4, 50, 'IPB 3S 10 KG', 0, 9900, 10900, 10300, 'Gudang A', 'CT-ADM-0001', '0000-00-00', '-', '0000-00-00'),
(217, 4, 50, 'CIHERANG SS 10 KG', 0, 9900, 10900, 10300, 'Gudang A', 'CT-ADM-0001', '0000-00-00', '-', '0000-00-00'),
(218, 4, 50, 'CIGEULIS SS 10 KG', 0, 9600, 10600, 10000, 'Gudang A', 'CT-ADM-0001', '0000-00-00', '-', '0000-00-00'),
(219, 4, 50, 'CIMELATI SS 10 KG', 0, 9800, 10800, 10200, 'Gudang A', 'CT-ADM-0001', '0000-00-00', '-', '0000-00-00'),
(220, 4, 50, 'CIBOGO SS 10 KG', 0, 9600, 10600, 10000, 'Gudang A', 'CT-ADM-0001', '0000-00-00', '-', '0000-00-00'),
(221, 4, 38, 'MEMBRAMO ES 10 KG', 0, 9900, 10900, 10300, 'Gudang A', 'CT-ADM-0001', '0000-00-00', '-', '0000-00-00'),
(222, 4, 16, 'MEKONGGA SS 10 KG', 0, 9900, 10900, 10300, 'Gudang A', 'CT-ADM-0001', '0000-00-00', '-', '0000-00-00'),
(223, 4, 16, 'SITUBAGENDIT ES 10 KG', 0, 9600, 10600, 10000, 'Gudang A', 'CT-ADM-0001', '0000-00-00', '-', '0000-00-00'),
(224, 4, 16, 'SITUBAGENDIT SS 10 KG', 0, 9800, 10800, 10200, 'Gudang A', 'CT-ADM-0001', '0000-00-00', '-', '0000-00-00'),
(225, 4, 15, 'TOWUTI SS 10 KG', 0, 9500, 10500, 9900, 'Gudang A', 'CT-ADM-0001', '0000-00-00', '-', '0000-00-00'),
(226, 4, 15, 'CIHERANG ES 10 KG', 0, 9800, 10800, 10200, 'Gudang A', 'CT-ADM-0001', '0000-00-00', '-', '0000-00-00'),
(227, 5, 51, 'NPK YARAMILA 50 KG', 2, 425000, 500000, 0, 'Gudang A', 'CT-ADM-0001', '0000-00-00', '-', '0000-00-00'),
(228, 5, 16, 'NPK YARAMILA 1 KG', 464, 11000, 15000, 0, 'Gudang A', 'CT-ADM-0001', '0000-00-00', '-', '0000-00-00'),
(229, 5, 38, 'NPK PAK TANI 1 KG', 13, 11000, 15000, 0, 'Gudang A', 'CT-ADM-0001', '0000-00-00', '-', '0000-00-00'),
(230, 5, 38, 'NPK TAWON 1 KG', 0, 11000, 15000, 0, 'Gudang A', 'CT-ADM-0001', '0000-00-00', '-', '0000-00-00'),
(231, 5, 38, 'KNO 3 PUTIH 2 KG', 10, 41500, 45000, 0, 'Gudang A', 'CT-ADM-0001', '0000-00-00', '-', '0000-00-00'),
(232, 5, 38, 'KNO 3 MERAH 2 KG', 9, 35000, 40000, 0, 'Gudang A', 'CT-ADM-0001', '0000-00-00', '-', '0000-00-00'),
(233, 5, 38, 'KCL CANADA 50 KG', 496, 5500, 15000, 0, 'Gudang A', 'CT-ADM-0001', '0000-00-00', '-', '0000-00-00'),
(234, 5, 39, 'MKP 1 KG', 11, 26500, 30000, 0, 'Gudang A', 'CT-ADM-0001', '0000-00-00', '-', '0000-00-00'),
(235, 5, 8, 'UREA 50 KG', 118, 86600, 90000, 0, 'Gudang A', 'CT-ADM-0001', '0000-00-00', '-', '0000-00-00'),
(236, 5, 9, 'ZA 50KG', 27, 66600, 70000, 0, 'Gudang A', 'CT-ADM-0001', '0000-00-00', '-', '0000-00-00'),
(237, 5, 8, 'SP-36  50KG', 58, 96600, 100000, 0, 'Gudang A', 'CT-ADM-0001', '0000-00-00', '-', '0000-00-00'),
(238, 5, 3, 'PHONSKA 50KG', 0, 111600, 115000, 0, 'Gudang A', 'CT-ADM-0001', '0000-00-00', '-', '0000-00-00'),
(239, 5, 13, 'PETROGANIK 40 KG', 53, 17280, 20000, 0, 'Gudang A', 'CT-ADM-0001', '0000-00-00', '-', '0000-00-00'),
(240, 6, 9, 'BOSTER AMINO LIQUID 5 LTR', 4, 88000, 90000, 0, 'Gudang A', 'CT-ADM-0001', '0000-00-00', '-', '0000-00-00'),
(241, 6, 9, 'BOSTER AMINO LIQUID 1 LTR', 10, 23000, 25000, 0, 'Gudang A', 'CT-ADM-0001', '0000-00-00', '-', '0000-00-00'),
(242, 6, 3, 'BOSTER AQUAENZYMS 100GR', 8, 20000, 22500, 0, 'Gudang A', 'CT-ADM-0001', '0000-00-00', '-', '0000-00-00'),
(243, 6, 9, 'BOSTER BLUE COPPER 1 LTR', 11, 72000, 75000, 0, 'Gudang A', 'CT-ADM-0001', '0000-00-00', '-', '0000-00-00'),
(244, 6, 3, 'BOSTER BLUE COPPER 100 ML', 4, 8000, 10000, 0, 'Gudang A', 'CT-ADM-0001', '0000-00-00', '-', '0000-00-00'),
(245, 6, 13, 'BOSTER GROTOP 500GR', 11, 58000, 60000, 0, 'Gudang A', 'CT-ADM-0001', '0000-00-00', '-', '0000-00-00'),
(246, 6, 13, 'BOSTER GROTOP 100GR', 5, 14000, 16000, 0, 'Gudang A', 'CT-ADM-0001', '0000-00-00', '-', '0000-00-00'),
(247, 6, 13, 'BOSTER INROFLOXS- 25 100GR', 5, 30000, 33000, 0, 'Gudang A', 'CT-ADM-0001', '0000-00-00', '-', '0000-00-00'),
(248, 6, 9, 'BOSTER INROFLOXS- 25 100ML', 8, 30000, 33000, 0, 'Gudang A', 'CT-ADM-0001', '0000-00-00', '-', '0000-00-00'),
(249, 6, 9, 'BOSTER INROFLOXS- 12 100GR', 5, 18000, 20000, 0, 'Gudang A', 'CT-ADM-0001', '0000-00-00', '-', '0000-00-00'),
(250, 6, 9, 'BOSTER INROFLOXS- 12 100 ML', 0, 18000, 20000, 0, 'Gudang A', 'CT-ADM-0001', '0000-00-00', '-', '0000-00-00'),
(251, 6, 31, 'BOSTER KALPOS 500 GR', 6, 23000, 25000, 0, 'Gudang A', 'CT-ADM-0001', '0000-00-00', '-', '0000-00-00'),
(252, 6, 8, 'BOSTER MANSTRAP 500GR', 12, 15000, 17500, 0, 'Gudang A', 'CT-ADM-0001', '0000-00-00', '-', '0000-00-00'),
(253, 6, 1, 'BOSTER PROGOL 500GR', 23, 13000, 15000, 0, 'Gudang A', 'CT-ADM-0001', '0000-00-00', '-', '0000-00-00'),
(254, 6, 37, 'BOSTER PROGOL 100GR', 0, 0, 0, 0, 'Gudang A', 'CT-ADM-0001', '0000-00-00', '-', '0000-00-00'),
(255, 6, 37, 'BOSTER PREMIX AQUAVITA 100GR', 2, 18000, 20000, 0, 'Gudang A', 'CT-ADM-0001', '0000-00-00', '-', '0000-00-00'),
(256, 6, 40, 'BOSTER STRES OFF 100GR', 5, 23000, 25000, 0, 'Gudang A', 'CT-ADM-0001', '0000-00-00', '-', '0000-00-00'),
(257, 6, 13, 'BOSTER SPIRULINA 50GR', 5, 12000, 15000, 0, 'Gudang A', 'CT-ADM-0001', '0000-00-00', '-', '0000-00-00'),
(258, 6, 8, 'BOSTER VITALIQUID 1LTR', 8, 43000, 45000, 0, 'Gudang A', 'CT-ADM-0001', '0000-00-00', '-', '0000-00-00'),
(259, 6, 13, 'BOSTER VITALIQUID 500ML', 10, 23000, 25000, 0, 'Gudang A', 'CT-ADM-0001', '0000-00-00', '-', '0000-00-00'),
(260, 6, 23, 'BOSTER VITAMIN C 1KG', 7, 25000, 62500, 0, 'Gudang A', 'CT-ADM-0001', '0000-00-00', '-', '0000-00-00'),
(261, 6, 41, 'BOSTER VITAMIN B COMPLEX 1KG', 6, 65000, 67500, 0, 'Gudang A', 'CT-ADM-0001', '0000-00-00', '-', '0000-00-00'),
(262, 6, 41, 'RAJA BANDENG 2,5KG X 10', 0, 25500, 30000, 0, 'Gudang A', 'CT-ADM-0001', '0000-00-00', '-', '0000-00-00'),
(263, 6, 41, 'RAPAN IKAN 500GR', 0, 0, 0, 0, 'Gudang A', 'CT-ADM-0001', '0000-00-00', '-', '0000-00-00'),
(264, 6, 51, 'URSAL 1LTR X 10', 54, 25000, 30000, 28000, 'Gudang A', 'CT-ADM-0001', '0000-00-00', '-', '0000-00-00'),
(265, 6, 51, 'LODAN 500GR X 20', 42, 12750, 15000, 14000, 'Gudang A', 'CT-ADM-0001', '0000-00-00', '-', '0000-00-00'),
(266, 6, 51, 'SAMPONIN 25 KG', 1810, 5370, 8000, 6500, 'Gudang A', 'CT-ADM-0001', '0000-00-00', '-', '0000-00-00'),
(267, 6, 51, 'PIU 2 30KG', 10, 161000, 180000, 0, 'Gudang A', 'CT-ADM-0001', '0000-00-00', '-', '0000-00-00'),
(268, 6, 51, 'PIU 3 30KG', 4, 161000, 180000, 0, 'Gudang A', 'CT-ADM-0001', '0000-00-00', '-', '0000-00-00'),
(269, 6, 51, 'PIU 4 30KG', 0, 161000, 180000, 0, 'Gudang A', 'CT-ADM-0001', '0000-00-00', '-', '0000-00-00'),
(270, 7, 51, 'SWAN 14 LITER', 17, 365000, 415000, 400000, 'Gudang A', 'CT-ADM-0001', '0000-00-00', '-', '0000-00-00'),
(271, 7, 51, 'SOLO 14 LITER', 2, 265000, 315000, 300000, 'Gudang A', 'CT-ADM-0001', '0000-00-00', '-', '0000-00-00'),
(272, 7, 51, 'DRAGON 14 LITER', 1, 365000, 415000, 400000, 'Gudang A', 'CT-ADM-0001', '0000-00-00', '-', '0000-00-00'),
(273, 7, 51, 'TREE SPRAYER BUTERFLY', 30, 77000, 90000, 81000, 'Gudang A', 'CT-ADM-0001', '0000-00-00', '-', '0000-00-00'),
(274, 7, 51, 'TREE SPRAYER SWAN', 0, 87000, 100000, 91000, 'Gudang A', 'CT-ADM-0001', '0000-00-00', '-', '0000-00-00'),
(275, 7, 51, 'PANDA MERAH', 55, 74800, 90000, 77500, 'Gudang A', 'CT-ADM-0001', '0000-00-00', '-', '0000-00-00'),
(276, 7, 51, 'PANDA KUNING', 80, 68255, 80000, 72500, 'Gudang A', 'CT-ADM-0001', '0000-00-00', '-', '0000-00-00'),
(277, 7, 51, 'POLIBEK 10 X 10', 0, 21000, 25000, 23500, 'Gudang A', 'CT-ADM-0001', '0000-00-00', '-', '0000-00-00'),
(278, 7, 51, 'POLIBEK 15 X 15', 15, 21000, 25000, 23500, 'Gudang A', 'CT-ADM-0001', '0000-00-00', '-', '0000-00-00'),
(279, 7, 51, 'POLIBEK 20 X 20', 75, 21000, 25000, 23500, 'Gudang A', 'CT-ADM-0001', '0000-00-00', '-', '0000-00-00'),
(280, 7, 51, 'POLIBEK 25 X 25', 31, 21000, 25000, 23500, 'Gudang A', 'CT-ADM-0001', '0000-00-00', '-', '0000-00-00'),
(281, 7, 51, 'POLIBEK 30 X 30', 53, 21000, 25000, 23500, 'Gudang A', 'CT-ADM-0001', '0000-00-00', '-', '0000-00-00'),
(282, 7, 51, 'POLIBEK 35 X 35', 87, 21000, 25000, 23500, 'Gudang A', 'CT-ADM-0001', '0000-00-00', '-', '0000-00-00'),
(283, 7, 51, 'POLIBEK 40 X 40', 40, 21000, 25000, 23500, 'Gudang A', 'CT-ADM-0001', '0000-00-00', '-', '0000-00-00'),
(284, 7, 51, 'POLIBEK 50 X 50', 75, 21000, 25000, 23500, 'Gudang A', 'CT-ADM-0001', '0000-00-00', '-', '0000-00-00'),
(285, 7, 51, 'POLIBEX 60 X 60', 61, 21000, 25000, 23500, 'Gudang A', 'CT-ADM-0001', '0000-00-00', '-', '0000-00-00'),
(286, 7, 51, 'PARANET', 0, 10000, 13000, 11500, 'Gudang A', 'CT-ADM-0001', '0000-00-00', '-', '0000-00-00'),
(287, 7, 51, 'POTRY LUBANG 72', 13, 17500, 25000, 20000, 'Gudang A', 'CT-ADM-0001', '0000-00-00', '-', '0000-00-00'),
(288, 7, 51, 'RING GELANG SWAN 14 LITER', 48, 2500, 5000, 3500, 'Gudang A', 'CT-ADM-0001', '0000-00-00', '-', '0000-00-00'),
(289, 7, 51, 'SPRAYER YOTO 9 LITER', 3, 125000, 185000, 160000, 'Gudang A', 'CT-ADM-0001', '0000-00-00', '-', '0000-00-00'),
(290, 7, 51, 'SPRAYER YOTO 8 LITER', 0, 125000, 180000, 155000, 'Gudang A', 'CT-ADM-0001', '0000-00-00', '-', '0000-00-00'),
(291, 7, 51, 'SPRAYER YOTO 5 LITER', 3, 115000, 150000, 135000, 'Gudang A', 'CT-ADM-0001', '0000-00-00', '-', '0000-00-00'),
(292, 7, 51, 'SPRAYER YOTO 2 LITER', 28, 35000, 40000, 37500, 'Gudang A', 'CT-ADM-0001', '0000-00-00', '-', '0000-00-00'),
(293, 7, 51, 'SPRAYER MASPION 8 LITER', 5, 135000, 185000, 0, 'Gudang A', 'CT-ADM-0001', '0000-00-00', '-', '0000-00-00'),
(294, 7, 51, 'SPRAYER PANDA 5 LITER', 2, 100000, 150000, 0, 'Gudang A', 'CT-ADM-0001', '0000-00-00', '-', '0000-00-00'),
(295, 7, 51, 'SPRAYER KIYOKAN 1LITER', 53, 21000, 25000, 23500, 'Gudang A', 'CT-ADM-0001', '0000-00-00', '-', '0000-00-00'),
(296, 7, 51, 'SPRAYER POMPA NEW STAR 0.5 L', 6, 3500, 5000, 4500, 'Gudang A', 'CT-ADM-0001', '0000-00-00', '-', '0000-00-00'),
(297, 7, 51, 'SPRAYER POMPA NEW STAR 1 L', 5, 3200, 4500, 4000, 'Gudang A', 'CT-ADM-0001', '0000-00-00', '-', '0000-00-00'),
(298, 7, 51, 'SPRAYER HEAD POWER MAX', -19, 12500, 15000, 13500, 'Gudang A', 'CT-ADM-0001', '0000-00-00', '-', '0000-00-00'),
(299, 7, 51, 'SANXUE  500 ML', 0, 5500, 10000, 7500, 'Gudang A', 'CT-ADM-0001', '0000-00-00', '-', '0000-00-00'),
(300, 7, 51, 'SANXUE  1 LITER', 82, 7250, 12000, 10000, 'Gudang A', 'CT-ADM-0001', '0000-00-00', '-', '0000-00-00'),
(301, 7, 51, 'SELANG PLUS KRAN PENCET SWAN', 6, 28500, 35000, 32500, 'Gudang A', 'CT-ADM-0001', '0000-00-00', '-', '0000-00-00'),
(302, 7, 51, 'SELANG  SOLO', 10, 15000, 20000, 17500, 'Gudang A', 'CT-ADM-0001', '0000-00-00', '-', '0000-00-00'),
(303, 7, 51, 'SEMPROTAN MOCIDA', 2, 5416, 10000, 8000, 'Gudang A', 'CT-ADM-0001', '0000-00-00', '-', '0000-00-00'),
(304, 7, 51, 'STIK POMPA PENYEMPROT', 2, 20000, 25000, 22500, 'Gudang A', 'CT-ADM-0001', '0000-00-00', '-', '0000-00-00'),
(305, 7, 51, 'SUNTIKAN 1 ML', 10, 1100, 2250, 2200, 'Gudang A', 'CT-ADM-0001', '0000-00-00', '-', '0000-00-00'),
(306, 7, 51, 'SUNTIKAN 3 ML', 10, 1200, 2500, 2200, 'Gudang A', 'CT-ADM-0001', '0000-00-00', '-', '0000-00-00'),
(307, 7, 51, 'SUNTIKAN 5 ML', 10, 1500, 3000, 2500, 'Gudang A', 'CT-ADM-0001', '0000-00-00', '-', '0000-00-00'),
(308, 7, 51, 'SUNTIKAN 10 ML', 10, 1750, 3000, 2750, 'Gudang A', 'CT-ADM-0001', '0000-00-00', '-', '0000-00-00'),
(309, 7, 51, 'SUNTIKAN 20 ML', 10, 2500, 4000, 3500, 'Gudang A', 'CT-ADM-0001', '0000-00-00', '-', '0000-00-00'),
(310, 7, 51, 'MULSA OBOR 60', 0, 510000, 0, 0, 'Gudang A', 'CT-ADM-0001', '0000-00-00', '-', '0000-00-00'),
(311, 7, 51, 'MULSA SAMSON', 0, 0, 0, 0, 'Gudang A', 'CT-ADM-0001', '0000-00-00', '-', '0000-00-00'),
(312, 7, 51, 'MIURA BATERAI SPRAYER', 1, 800000, 850000, 0, 'Gudang A', 'CT-ADM-0001', '0000-00-00', '-', '0000-00-00'),
(313, 7, 51, 'NODZLE LUBANG 1 GA', 7, 20000, 25000, 0, 'Gudang A', 'CT-ADM-0001', '0000-00-00', '-', '0000-00-00'),
(314, 7, 51, 'NODZLE LUBANG 1 BESI', 116, 10000, 15000, 0, 'Gudang A', 'CT-ADM-0001', '0000-00-00', '-', '0000-00-00'),
(315, 7, 51, 'NODZLE LUBANG 4 BESAR BESI', 18, 25000, 30000, 0, 'Gudang A', 'CT-ADM-0001', '0000-00-00', '-', '0000-00-00'),
(316, 7, 51, 'NODZLE LUBANG 4 KECIL BESI', 14, 20000, 25000, 0, 'Gudang A', 'CT-ADM-0001', '0000-00-00', '-', '0000-00-00'),
(317, 7, 51, 'NODZLE BENGKOK BESI', 100, 15000, 20000, 0, 'Gudang A', 'CT-ADM-0001', '0000-00-00', '-', '0000-00-00'),
(318, 7, 51, 'NODZLE LUBANG 1 PLASTIK', 0, 0, 0, 0, 'Gudang A', 'CT-ADM-0001', '0000-00-00', '-', '0000-00-00'),
(319, 7, 51, 'NODZLE LUBANG 4 PLASTIK', 0, 13500, 0, 0, 'Gudang A', 'CT-ADM-0001', '0000-00-00', '-', '0000-00-00'),
(320, 7, 51, 'KLEP COKLAT 14 LITER', 136, 5000, 8000, 0, 'Gudang A', 'CT-ADM-0001', '0000-00-00', '-', '0000-00-00'),
(321, 7, 51, 'KLEP COKLAT 19 LITER', 73, 2000, 5000, 0, 'Gudang A', 'CT-ADM-0001', '0000-00-00', '-', '0000-00-00'),
(322, 7, 51, 'KLEP TREE SPRAYER SWAN', 125, 4750, 10000, 0, 'Gudang A', 'CT-ADM-0001', '0000-00-00', '-', '0000-00-00'),
(323, 7, 51, 'KLEP TREE SPRAYER BUTERFLY', 193, 4750, 10000, 0, 'Gudang A', 'CT-ADM-0001', '0000-00-00', '-', '0000-00-00'),
(324, 7, 51, 'KLEP TREE SPRAYER PANDA', 90, 4500, 8000, 0, 'Gudang A', 'CT-ADM-0001', '0000-00-00', '-', '0000-00-00'),
(325, 7, 51, 'KEPALA BASATA', 186, 4500, 8000, 0, 'Gudang A', 'CT-ADM-0001', '0000-00-00', '-', '0000-00-00'),
(326, 7, 51, 'KEPALA SANXUE', 10, 5750, 10000, 0, 'Gudang A', 'CT-ADM-0001', '0000-00-00', '-', '0000-00-00'),
(327, 7, 51, 'KRAN PENCET SWAN', 0, 17500, 25000, 0, 'Gudang A', 'CT-ADM-0001', '0000-00-00', '-', '0000-00-00'),
(328, 7, 51, 'KRAN PENCET SOLO', 2, 20000, 25000, 0, 'Gudang A', 'CT-ADM-0001', '0000-00-00', '-', '0000-00-00'),
(329, 7, 51, 'KRAN BESI', 100, 20000, 25000, 0, 'Gudang A', 'CT-ADM-0001', '0000-00-00', '-', '0000-00-00'),
(330, 7, 51, 'GEMBOR 9 LITER', 10, 34500, 37500, 0, 'Gudang A', 'CT-ADM-0001', '0000-00-00', '-', '0000-00-00'),
(331, 7, 51, 'GEMBOR 7 LITER', 3, 29000, 35000, 0, 'Gudang A', 'CT-ADM-0001', '0000-00-00', '-', '0000-00-00'),
(332, 7, 51, 'GEMBOR 5 LITER', 13, 27000, 32500, 0, 'Gudang A', 'CT-ADM-0001', '0000-00-00', '-', '0000-00-00'),
(333, 7, 51, 'WARING HITAM PINGUIN', 0, 3350, 4500, 0, 'Gudang A', 'CT-ADM-0001', '0000-00-00', '-', '0000-00-00'),
(334, 7, 51, 'WARING HITAM BLAKSWAN', 96, 23000, 5500, 0, 'Gudang A', 'CT-ADM-0001', '0000-00-00', '-', '0000-00-00'),
(335, 7, 51, 'WARING HITAM JANGKAR', 0, 3200, 4500, 0, 'Gudang A', 'CT-ADM-0001', '0000-00-00', '-', '0000-00-00'),
(336, 7, 51, 'WARING HITAM DOLPIN', 0, 3000, 4500, 0, 'Gudang A', 'CT-ADM-0001', '0000-00-00', '-', '0000-00-00'),
(337, 7, 51, 'TALI GENDONG SWAN', 2, 20000, 25000, 0, 'Gudang A', 'CT-ADM-0001', '0000-00-00', '-', '0000-00-00'),
(338, 7, 24, 'TEMPAT MINUM AYAM 0,5 ML', 104, 4000, 6000, 0, 'Gudang A', 'CT-ADM-0001', '0000-00-00', '-', '0000-00-00'),
(339, 7, 4, 'TEMPAT MINUM AYAM 2 L', 12, 13500, 15000, 0, 'Gudang A', 'CT-ADM-0001', '0000-00-00', '-', '0000-00-00'),
(340, 7, 9, 'TEMPAT MINUM AYAM 5 L', 3, 23000, 25000, 0, 'Gudang A', 'CT-ADM-0001', '0000-00-00', '-', '0000-00-00'),
(341, 7, 31, 'TEMPAT MAKAN AYAM 0,5 KG', 16, 10000, 11000, 0, 'Gudang A', 'CT-ADM-0001', '0000-00-00', '-', '0000-00-00'),
(342, 7, 17, 'TEMPAT MAKAN AYAM 2 KG', 6, 16500, 17500, 0, 'Gudang A', 'CT-ADM-0001', '0000-00-00', '-', '0000-00-00'),
(343, 7, 4, 'TEMPAT MAKAN AYAM 5 KG', 3, 26500, 27500, 0, 'Gudang A', 'CT-ADM-0001', '0000-00-00', '-', '0000-00-00'),
(344, 7, 9, 'TUTUP AIR POMPA SWAN 14 LITER', 4, 25000, 30000, 0, 'Gudang A', 'CT-ADM-0001', '0000-00-00', '-', '0000-00-00'),
(345, 7, 31, 'POT BUNGA 15 CM', 121, 750, 1000, 0, 'Gudang A', 'CT-ADM-0001', '0000-00-00', '-', '0000-00-00'),
(346, 7, 17, 'POT BUNGA 20 CM', 88, 1250, 1500, 0, 'Gudang A', 'CT-ADM-0001', '0000-00-00', '-', '0000-00-00'),
(347, 7, 4, 'CHOTA SPRAYER 16 LTR CAS', 2, 850000, 900000, 0, 'Gudang A', 'CT-ADM-0001', '0000-00-00', '-', '0000-00-00'),
(348, 7, 9, 'CHOTA SPRAYER 16 LTR 2 IN 1', 0, 900000, 950000, 0, 'Gudang A', 'CT-ADM-0001', '0000-00-00', '-', '0000-00-00'),
(349, 8, 31, 'CACING EXTOR SACHET', 8, 2000, 2500, 0, 'Gudang A', 'CT-ADM-0001', '0000-00-00', '-', '0000-00-00'),
(350, 8, 17, 'VITACHIK 250 GR', 13, 22000, 24000, 0, 'Gudang A', 'CT-ADM-0001', '0000-00-00', '-', '0000-00-00'),
(351, 8, 24, 'VITACHIK 100 GR', 105, 10500, 12500, 0, 'Gudang A', 'CT-ADM-0001', '0000-00-00', '-', '0000-00-00'),
(352, 8, 42, 'VITACHIK 50 GR', 7, 5500, 7000, 0, 'Gudang A', 'CT-ADM-0001', '0000-00-00', '-', '0000-00-00'),
(353, 8, 4, 'VITACHIK 15 GR X 40', 139, 500, 1000, 0, 'Gudang A', 'CT-ADM-0001', '0000-00-00', '-', '0000-00-00'),
(354, 8, 43, 'VITA STRESS 250GR', 17, 18500, 20000, 0, 'Gudang A', 'CT-ADM-0001', '0000-00-00', '-', '0000-00-00'),
(355, 8, 31, 'VITA STRESS 100GR', 0, 0, 0, 0, 'Gudang A', 'CT-ADM-0001', '0000-00-00', '-', '0000-00-00'),
(356, 8, 17, 'VITA STRESS 50GR', 9, 5000, 6000, 0, 'Gudang A', 'CT-ADM-0001', '0000-00-00', '-', '0000-00-00'),
(357, 8, 4, 'VITA STRESS 15GR', 0, 0, 0, 0, 'Gudang A', 'CT-ADM-0001', '0000-00-00', '-', '0000-00-00'),
(358, 8, 9, 'VITA STRONG 250GR', 0, 0, 0, 0, 'Gudang A', 'CT-ADM-0001', '0000-00-00', '-', '0000-00-00'),
(359, 8, 31, 'VITA STRONG 100GR', 0, 0, 0, 0, 'Gudang A', 'CT-ADM-0001', '0000-00-00', '-', '0000-00-00'),
(360, 8, 24, 'VITA STRONG 50GR', 0, 0, 0, 0, 'Gudang A', 'CT-ADM-0001', '0000-00-00', '-', '0000-00-00'),
(361, 8, 44, 'VITA STRONG 15GR', 0, 500, 1000, 0, 'Gudang A', 'CT-ADM-0001', '0000-00-00', '-', '0000-00-00'),
(362, 8, 4, 'VITA PLEK SACHET', 5, 2500, 3000, 0, 'Gudang A', 'CT-ADM-0001', '0000-00-00', '-', '0000-00-00'),
(363, 8, 9, 'VERM O KAPSUL', 20, 10000, 2500, 0, 'Gudang A', 'CT-ADM-0001', '0000-00-00', '-', '0000-00-00'),
(364, 8, 31, 'EGG STIMULAN 250GR', 28, 26500, 28000, 0, 'Gudang A', 'CT-ADM-0001', '0000-00-00', '-', '0000-00-00'),
(365, 8, 17, 'EGG STIMULAN 100GR', 0, 0, 0, 0, 'Gudang A', 'CT-ADM-0001', '0000-00-00', '-', '0000-00-00'),
(366, 8, 44, 'EGG STIMULAN 50GR', 0, 0, 0, 0, 'Gudang A', 'CT-ADM-0001', '0000-00-00', '-', '0000-00-00'),
(367, 8, 24, 'EGG STIMULAN 15GR', 32, 30000, 1500, 0, 'Gudang A', 'CT-ADM-0001', '0000-00-00', '-', '0000-00-00'),
(368, 8, 45, 'TRIMEZYIN 250GR', 15, 41000, 42000, 0, 'Gudang A', 'CT-ADM-0001', '0000-00-00', '-', '0000-00-00'),
(369, 8, 44, 'TRIMEZYIN 100GR', 0, 0, 0, 0, 'Gudang A', 'CT-ADM-0001', '0000-00-00', '-', '0000-00-00'),
(370, 8, 24, 'TRIMEZYIN 50GR', 0, 0, 0, 0, 'Gudang A', 'CT-ADM-0001', '0000-00-00', '-', '0000-00-00'),
(371, 8, 24, 'TRIMEZYIN 15GR', 17, 5000, 5500, 0, 'Gudang A', 'CT-ADM-0001', '0000-00-00', '-', '0000-00-00'),
(372, 8, 16, 'TRIMEZYIN BOTOL', 12, 11000, 12000, 0, 'Gudang A', 'CT-ADM-0001', '0000-00-00', '-', '0000-00-00'),
(373, 8, 46, 'NEO BRO 250GR', 8, 23000, 24000, 0, 'Gudang A', 'CT-ADM-0001', '0000-00-00', '-', '0000-00-00'),
(374, 8, 46, 'NEO BRO 100GR', 6, 12000, 12500, 0, 'Gudang A', 'CT-ADM-0001', '0000-00-00', '-', '0000-00-00'),
(375, 8, 46, 'NEO BRO 50GR', 0, 0, 0, 0, 'Gudang A', 'CT-ADM-0001', '0000-00-00', '-', '0000-00-00'),
(376, 8, 46, 'NEO BRO 15GR', 0, 1000, 1500, 0, 'Gudang A', 'CT-ADM-0001', '0000-00-00', '-', '0000-00-00'),
(377, 8, 46, 'TETRACHLOR BOTOL', 17, 7000, 8000, 0, 'Gudang A', 'CT-ADM-0001', '0000-00-00', '-', '0000-00-00'),
(378, 8, 46, 'TETRACHLOR SACHET', 58, 1000, 1500, 0, 'Gudang A', 'CT-ADM-0001', '0000-00-00', '-', '0000-00-00'),
(379, 8, 46, 'TETRA FEIN', 61, 33000, 6000, 0, 'Gudang A', 'CT-ADM-0001', '0000-00-00', '-', '0000-00-00'),
(380, 8, 46, 'ORGANIK CAIR 100ML', 0, 7000, 10000, 0, 'Gudang A', 'CT-ADM-0001', '0000-00-00', '-', '0000-00-00'),
(381, 8, 46, 'CAPSUL PENCERNA SACHET', 6, 4500, 5000, 0, 'Gudang A', 'CT-ADM-0001', '0000-00-00', '-', '0000-00-00'),
(382, 8, 46, 'CAPSUL OSTELIN SACHET', 2, 4500, 5000, 0, 'Gudang A', 'CT-ADM-0001', '0000-00-00', '-', '0000-00-00'),
(383, 8, 46, 'MINERAL 1KG', 24, 6500, 7500, 0, 'Gudang A', 'CT-ADM-0001', '0000-00-00', '-', '0000-00-00'),
(384, 8, 46, '511 B 50KG', 3, 350000, 360000, 0, 'Gudang A', 'CT-ADM-0001', '0000-00-00', '-', '0000-00-00'),
(385, 8, 46, '144B 50KG', 0, 400000, 410000, 0, 'Gudang A', 'CT-ADM-0001', '0000-00-00', '-', '0000-00-00'),
(386, 8, 46, 'RACUN TIKUS CINA', 17, 140000, 20000, 0, 'Gudang A', 'CT-ADM-0001', '0000-00-00', '-', '0000-00-00'),
(387, 8, 46, 'RACUN TIKUS RATOFIN', 11, 40000, 15000, 0, 'Gudang A', 'CT-ADM-0001', '0000-00-00', '-', '0000-00-00'),
(388, 8, 46, 'RACUN TIKUS TEMIX', 77, 40000, 6000, 0, 'Gudang A', 'CT-ADM-0001', '0000-00-00', '-', '0000-00-00');

-- --------------------------------------------------------

--
-- Table structure for table `customer`
--

CREATE TABLE IF NOT EXISTS `customer` (
  `id_customer` int(11) NOT NULL,
  `nama_toko` varchar(50) NOT NULL,
  `nama` varchar(50) NOT NULL,
  `alamat` text NOT NULL,
  `no_telp` varchar(100) NOT NULL,
  `tipe` varchar(20) NOT NULL,
  `created_by` varchar(20) NOT NULL,
  `created_date` date NOT NULL,
  `updated_by` varchar(20) DEFAULT NULL,
  `updated_date` date DEFAULT NULL
) ENGINE=InnoDB AUTO_INCREMENT=51 DEFAULT CHARSET=latin1;

--
-- Dumping data for table `customer`
--

INSERT INTO `customer` (`id_customer`, `nama_toko`, `nama`, `alamat`, `no_telp`, `tipe`, `created_by`, `created_date`, `updated_by`, `updated_date`) VALUES
(4, 'Toko Barokah', 'Sauri', 'Desa Pandabah - Kamal', '081803056631', 'Distributor', 'CT-ADM-0001', '2016-05-23', '-', '0000-00-00'),
(5, 'UD. Maria Broely', 'H. Ali', 'Desa Kebun - Kamal', '081913553167', 'Distributor', 'CT-ADM-0001', '2016-05-23', '-', '0000-00-00'),
(6, 'UD. Sumber Tani Makmur', 'Dedik Setiawan', 'Desa Gili Anyar - Kamal', '081333447733', 'Distributor', 'CT-ADM-0001', '2016-05-23', '-', '0000-00-00'),
(7, 'Al-Ikhlas', 'Hj. Subaidah', 'Desa Pesanggrahan - Kwanyar', '085335342177', 'Distributor', 'CT-ADM-0001', '2016-05-23', '-', '0000-00-00'),
(8, 'UD. Bina Tani Makmur', 'Moch. Hotib,S.HI', 'Desa Karang Entang - Kwanyar', '085731332777', 'Distributor', 'CT-ADM-0001', '2016-05-23', '-', '0000-00-00'),
(9, 'UD. Kelapa', 'H. Abd. Manab Ismail', 'Desa Ketetang - Kwanyar', '081939318485', 'Distributor', 'CT-ADM-0001', '2016-05-23', '-', '0000-00-00'),
(10, 'UD. Panca Putra', 'Hj. Zaitun', 'Pasar Kwanyar - Kwanyar', '08533189164', 'Distributor', 'CT-ADM-0001', '2016-05-23', '-', '0000-00-00'),
(11, 'Toko Sinar Barokah', 'H. Muhari', 'Desa Duwak Buter - Kwanyar', '0817399107', 'Distributor', 'CT-ADM-0001', '2016-05-23', '-', '0000-00-00'),
(12, 'UD. Taman Indah', 'Achwan Musoleh', 'Desa Batah Barat - Kwanyar', '0818331459', 'Distributor', 'CT-ADM-0001', '2016-05-23', '-', '0000-00-00'),
(13, 'Tani Jaya', 'H. M. Dlofir Djailani', 'Jl. Raya Kwanyar  Modung - Kwanyar', '08784933925', 'Distributor', 'CT-ADM-0001', '2016-05-23', '-', '0000-00-00'),
(14, 'Toko Rohman', 'Abd. Rachman', 'Desa Kesek - Labang', '085334074683', 'Distributor', 'CT-ADM-0001', '2016-05-23', '-', '0000-00-00'),
(15, 'UD. Assalam', 'Sauri', 'Desa Jukong - Labang', '087855458600', 'Distributor', 'CT-ADM-0001', '2016-05-23', '-', '0000-00-00'),
(16, 'Toko Slamet', 'H. Hosnan', 'Desa Sukolilo Timur - Labang', '085791828330', 'Distributor', 'CT-ADM-0001', '2016-05-23', '-', '0000-00-00'),
(17, ' UD. Barata Jaya', 'H.M. Ibrahim', 'Desa Patereman - Modung', '087849771700', 'Distributor', 'CT-ADM-0001', '2016-05-23', '-', '0000-00-00'),
(18, 'Toko Kurnia', 'H. Rusdi', 'Jl. Pasar Kedundung - Modung', '081330780290', 'Distributor', 'CT-ADM-0001', '2016-05-23', '-', '0000-00-00'),
(19, 'UD. Setia Kawan', 'H. Suharyono', 'Jl. Raya Modung 20 - Modung', '081235884917', 'Distributor', 'CT-ADM-0001', '2016-05-23', '-', '0000-00-00'),
(20, 'CV. Sumber Makmur', 'Hj. Siti Horimah', 'Desa Srabi Timur - Modung', '087705657849', 'Distributor', 'CT-ADM-0001', '2016-05-23', '-', '0000-00-00'),
(21, 'Toko Timur Jaya', 'Drs. H. M. Said', 'Jl. Raya Kedundung - Modung', '08170064807', 'Distributor', 'CT-ADM-0001', '2016-05-23', '-', '0000-00-00'),
(22, 'Al -Ummah', 'H. Abdul Azis', 'Jl. Raya Keleyan - socah', '087853403422', 'Distributor', 'CT-ADM-0001', '2016-05-23', '-', '0000-00-00'),
(23, 'UD. Amanah', 'M. Hafid ', 'Desa Pernajuh - Socah', '08235531638', 'Distributor', 'CT-ADM-0001', '2016-05-23', '-', '0000-00-00'),
(24, 'Gapoktan Timun Mas', 'Mat Dofir', 'Desa Buluh - Socah', '087866127188', 'Distributor', 'CT-ADM-0001', '2016-05-23', '-', '0000-00-00'),
(25, 'UD. Lebur Barokah', 'M. Rubiyanto', 'Jl. Sawo Pasar Pa''ajeman - Socah', '082301349755', 'Distributor', 'CT-ADM-0001', '2016-05-23', '-', '0000-00-00'),
(26, 'Rahmat Hidayat', 'Zaenal', 'Bilaporah Selatan - Socah', '087851515597', 'Distributor', 'CT-ADM-0001', '2016-05-23', '-', '0000-00-00'),
(27, 'Sumber Rejeki', 'Abdul Aji', 'Desa Parseh - Socah', '081803202000', 'Distributor', 'CT-ADM-0001', '2016-05-23', '-', '0000-00-00'),
(28, 'Kios Barokah', 'Muhammad Jumai', 'Desa Kemuning - Tragah', '085235546020', 'Distributor', 'CT-ADM-0001', '2016-05-23', '-', '0000-00-00'),
(29, 'Toko Rio Jaya', 'Muroso Al Agus S,S.Pd', 'Jl. Raya Tragah - Tragah', '082132883709', 'Distributor', 'CT-ADM-0001', '2016-05-23', '-', '0000-00-00'),
(30, 'Toko Sinar Mulya', 'M. Abdul Rahman', 'Desa Soket Laok - Tragah', '087852320006', 'Distributor', 'CT-ADM-0001', '2016-05-23', '-', '0000-00-00'),
(31, 'UD. Sumber Harapan', 'H. Zeini', 'Desa Tambin - Tragah', '082139865528', 'Distributor', 'CT-ADM-0001', '2016-05-23', '-', '0000-00-00'),
(32, 'Hj. Hasan', 'Bu Hj. Hasan', 'Besel - Burneh', '82301346674', 'Grosir', 'CT-ADM-0001', '2016-05-23', '-', '0000-00-00'),
(33, 'Tani Jaya', 'Bu Roilah', 'Besel - Burneh', '85102154135', 'Grosir', 'CT-ADM-0001', '2016-05-23', '-', '0000-00-00'),
(34, 'H. Kodir', 'H. Kodir', 'Tonaan - Burneh', '-', 'Grosir', 'CT-ADM-0001', '2016-05-23', '-', '0000-00-00'),
(35, 'P. Tafin', 'P. Tafin ', 'Besel - Burneh', '-', 'Grosir', 'CT-ADM-0001', '2016-05-23', '-', '0000-00-00'),
(36, 'Bu Hay', 'Bu hay', 'Pasar Arosbaya - Arosbaya', '82330632436 / 85648298899', 'Grosir', 'CT-ADM-0001', '2016-05-23', 'CT-ADM-0001', '2016-05-23'),
(37, 'Bu Dibyo', 'Bu Dibyo', 'Pasar Arosbaya - Arosbaya', '82330232856', 'Grosir', 'CT-ADM-0001', '2016-05-23', '-', '0000-00-00'),
(38, 'P. Agus', 'P. Agus', 'Klampis', '81216401551', 'Grosir', 'CT-ADM-0001', '2016-05-23', '-', '0000-00-00'),
(39, 'Hj. Azizah', 'Hj. Azizah', 'Sepuluh', '87850896168', 'Grosir', 'CT-ADM-0001', '2016-05-23', '-', '0000-00-00'),
(40, 'Hj. Munawar', 'Hj. Munawar', 'Sepuluh', '-', 'Grosir', 'CT-ADM-0001', '2016-05-23', '-', '0000-00-00'),
(41, 'P. Mujib', 'P. Mujib ', 'Tanjung Bumi', '87752541085', 'Grosir', 'CT-ADM-0001', '2016-05-23', '-', '0000-00-00'),
(42, 'H. Tumar', 'H. Tumar', 'Geger', '81931044406', 'Grosir', 'CT-ADM-0001', '2016-05-23', '-', '0000-00-00'),
(43, 'H. Ali Wafah', 'H. Ali Wafah', 'Geger', '-', 'Grosir', 'CT-ADM-0001', '2016-05-23', '-', '0000-00-00'),
(44, 'H. Munir', 'H. Munir', 'Tanah Merah', '81330261545', 'Grosir', 'CT-ADM-0001', '2016-05-23', '-', '0000-00-00'),
(45, 'H. Ali', 'H. Ali ', 'Tanah Merah', '-', 'Grosir', 'CT-ADM-0001', '2016-05-23', '-', '0000-00-00'),
(46, 'Zakaria', 'Zakaria', 'Petemon', '-', 'Grosir', 'CT-ADM-0001', '2016-05-23', '-', '0000-00-00'),
(47, 'P. Sudarsono', 'P. Sudarsono', 'Lomaer - Blega', '87816168100', 'Grosir', 'CT-ADM-0001', '2016-05-23', '-', '0000-00-00'),
(48, 'Jauhari', 'Jauhari', 'Blega', '85331124998', 'Grosir', 'CT-ADM-0001', '2016-05-23', '-', '0000-00-00'),
(49, 'H. Muhlis', 'H. Muhlis', 'Blega', '-', 'Grosir', 'CT-ADM-0001', '2016-05-23', '-', '0000-00-00'),
(50, 'Zaenal', 'Zaenal', 'Banyuates', '85230500036', 'Grosir', 'CT-ADM-0001', '2016-05-23', '-', '0000-00-00');

-- --------------------------------------------------------

--
-- Table structure for table `d_pembelian`
--

CREATE TABLE IF NOT EXISTS `d_pembelian` (
  `id` bigint(20) NOT NULL,
  `id_barang` int(11) NOT NULL,
  `qty` float NOT NULL,
  `harga_satuan` float NOT NULL,
  `harga_total` float NOT NULL,
  `no_pembelian` varchar(30) NOT NULL
) ENGINE=InnoDB AUTO_INCREMENT=15 DEFAULT CHARSET=latin1;

--
-- Dumping data for table `d_pembelian`
--

INSERT INTO `d_pembelian` (`id`, `id_barang`, `qty`, `harga_satuan`, `harga_total`, `no_pembelian`) VALUES
(1, 367, 1, 30000, 30000, 'PR-20160711-0001'),
(2, 260, 1, 25000, 25000, 'PR-20160711-0002'),
(10, 26, 3, 40000, 120000, 'PR-20160726-0001'),
(11, 92, 1, 32222, 32222, 'PR-20160726-0001'),
(12, 388, 3, 40000, 120000, 'PR-20160726-0002'),
(13, 167, 1, 3000, 3000, 'PR-20160727-0001'),
(14, 363, 4, 10000, 40000, 'PR-20160727-0001');

--
-- Triggers `d_pembelian`
--
DELIMITER $$
CREATE TRIGGER `add_update_pembelian` AFTER INSERT ON `d_pembelian`
 FOR EACH ROW BEGIN
Update pembelian 
set total = total + new.harga_total
where no_pembelian = new.no_pembelian;

update barang 
set stok = stok + new.qty, hrg_beli = new.harga_satuan
where id_barang = new.id_barang;
END
$$
DELIMITER ;
DELIMITER $$
CREATE TRIGGER `delete_update_pembelian` AFTER DELETE ON `d_pembelian`
 FOR EACH ROW BEGIN
update pembelian
set total = total - old.harga_total
where no_pembelian = old.no_pembelian;

update barang 
set stok = stok - old.qty
where id_barang = old.id_barang;
END
$$
DELIMITER ;
DELIMITER $$
CREATE TRIGGER `update_update_pembelian` AFTER UPDATE ON `d_pembelian`
 FOR EACH ROW BEGIN
update pembelian
set total = total - old.harga_total + new.harga_total
where no_pembelian = old.no_pembelian;

update barang 
set stok = stok - old.qty + new.qty, hrg_beli = new.harga_satuan
where id_barang = old.id_barang;
END
$$
DELIMITER ;

-- --------------------------------------------------------

--
-- Table structure for table `d_penjualan_ecer`
--

CREATE TABLE IF NOT EXISTS `d_penjualan_ecer` (
  `id` bigint(20) NOT NULL,
  `id_barang` int(11) NOT NULL,
  `qty` float NOT NULL,
  `harga_satuan` float NOT NULL,
  `harga_total` float NOT NULL,
  `no_penjualan` varchar(30) NOT NULL
) ENGINE=InnoDB AUTO_INCREMENT=23 DEFAULT CHARSET=latin1;

--
-- Dumping data for table `d_penjualan_ecer`
--

INSERT INTO `d_penjualan_ecer` (`id`, `id_barang`, `qty`, `harga_satuan`, `harga_total`, `no_penjualan`) VALUES
(1, 338, 1, 6000, 6000, 'PJE-20160712-0001'),
(2, 346, 4, 1500, 6000, 'PJE-20160712-0001'),
(3, 16, 1, 30000, 30000, 'PJE-20160728-0001'),
(4, 62, 94, 30000, 1920000, 'PJE-20160728-0001'),
(5, 297, 3, 20000, 60000, 'PJE-20160728-0001'),
(6, 241, 3, 70000, 210000, 'PJE-20160728-0001'),
(7, 22, 2, 1000000, 2000000, 'PJE-20160728-0001'),
(8, 84, 3, 20000, 60000, 'PJE-20160728-0001'),
(9, 136, 2, 80000, 160000, 'PJE-20160728-0001'),
(10, 381, 4, 9000, 36000, 'PJE-20160728-0001'),
(11, 188, 200, 20000, 4000000, 'PJE-20160728-0001'),
(12, 245, 3, 90000, 270000, 'PJE-20160728-0001'),
(13, 298, 21, 20000, 420000, 'PJE-20160728-0001'),
(14, 25, 2, 10000, 20000, 'PJE-20160728-0001'),
(15, 204, 30, 1000, 30000, 'PJE-20160728-0001'),
(16, 379, 9, 20000, 180000, 'PJE-20160728-0001'),
(17, 363, 4, 80000, 320000, 'PJE-20160728-0001'),
(18, 349, 29, 30000, 870000, 'PJE-20160728-0001'),
(19, 77, 3, 90000, 270000, 'PJE-20160728-0001'),
(20, 73, 8, 10000, 80000, 'PJE-20160728-0001'),
(21, 39, 40, 130000, 5200000, 'PJE-20160728-0001'),
(22, 236, 12, 30000, 360000, 'PJE-20160728-0001');

--
-- Triggers `d_penjualan_ecer`
--
DELIMITER $$
CREATE TRIGGER `on_add_update_pe` AFTER INSERT ON `d_penjualan_ecer`
 FOR EACH ROW BEGIN
Update penjualan_ecer 
set total = total + new.harga_total
where no_penjualan = new.no_penjualan;

update barang 
set stok = stok - new.qty
where id_barang = new.id_barang;
END
$$
DELIMITER ;
DELIMITER $$
CREATE TRIGGER `on_delete_update_pe` AFTER DELETE ON `d_penjualan_ecer`
 FOR EACH ROW BEGIN
update penjualan_ecer
set total = total - old.harga_total
where no_penjualan = old.no_penjualan;

update barang 
set stok = stok + old.qty
where id_barang = old.id_barang;
END
$$
DELIMITER ;
DELIMITER $$
CREATE TRIGGER `on_update_update_pe` AFTER UPDATE ON `d_penjualan_ecer`
 FOR EACH ROW BEGIN
update penjualan_ecer
set total = total - old.harga_total + new.harga_total
where no_penjualan = old.no_penjualan;

update barang 
set stok = stok + old.qty - new.qty
where id_barang = old.id_barang;
END
$$
DELIMITER ;

-- --------------------------------------------------------

--
-- Table structure for table `d_penjualan_partai`
--

CREATE TABLE IF NOT EXISTS `d_penjualan_partai` (
  `id` bigint(20) NOT NULL,
  `id_barang` int(11) NOT NULL,
  `qty` float NOT NULL,
  `harga_satuan` float NOT NULL,
  `harga_total` float NOT NULL,
  `no_penjualan` varchar(30) NOT NULL
) ENGINE=InnoDB AUTO_INCREMENT=9 DEFAULT CHARSET=latin1;

--
-- Dumping data for table `d_penjualan_partai`
--

INSERT INTO `d_penjualan_partai` (`id`, `id_barang`, `qty`, `harga_satuan`, `harga_total`, `no_penjualan`) VALUES
(1, 234, 1, 20000, 20000, 'PJP-20160711-0001'),
(2, 344, 1, 40000, 40000, 'PJP-20160711-0001'),
(3, 258, 3, 30000, 90000, 'PJP-20160726-0001'),
(4, 350, 3, 33333, 99999, 'PJP-20160726-0001'),
(5, 25, 1, 44000, 44000, 'PJP-20160726-0001'),
(8, 143, 1, 20000, 20000, 'PJP-20160726-0002');

--
-- Triggers `d_penjualan_partai`
--
DELIMITER $$
CREATE TRIGGER `on_add_update_pp` AFTER INSERT ON `d_penjualan_partai`
 FOR EACH ROW BEGIN
Update penjualan_partai 
set total = total + new.harga_total
where no_penjualan = new.no_penjualan;

update barang 
set stok = stok - new.qty
where id_barang = new.id_barang;
END
$$
DELIMITER ;
DELIMITER $$
CREATE TRIGGER `on_delete_update_pp` AFTER DELETE ON `d_penjualan_partai`
 FOR EACH ROW BEGIN
update penjualan_partai 
set total = total - old.harga_total

where no_penjualan = old.no_penjualan;

update barang 
set stok = stok + old.qty
where id_barang = old.id_barang;
END
$$
DELIMITER ;
DELIMITER $$
CREATE TRIGGER `on_update_update_pp` AFTER UPDATE ON `d_penjualan_partai`
 FOR EACH ROW BEGIN
update penjualan_partai 
set total = total - old.harga_total + new.harga_total
where no_penjualan = old.no_penjualan;

update barang 
set stok = stok + old.qty - new.qty
where id_barang = old.id_barang;
END
$$
DELIMITER ;

-- --------------------------------------------------------

--
-- Table structure for table `kategori`
--

CREATE TABLE IF NOT EXISTS `kategori` (
  `id_kategori` int(11) NOT NULL,
  `nama_kategori` varchar(50) NOT NULL
) ENGINE=InnoDB AUTO_INCREMENT=9 DEFAULT CHARSET=latin1;

--
-- Dumping data for table `kategori`
--

INSERT INTO `kategori` (`id_kategori`, `nama_kategori`) VALUES
(3, 'Obat'),
(4, 'Bibit'),
(5, 'Pupuk'),
(6, 'Ikan'),
(7, 'Peralatan'),
(8, 'Ayam');

-- --------------------------------------------------------

--
-- Table structure for table `pembelian`
--

CREATE TABLE IF NOT EXISTS `pembelian` (
  `no_pembelian` varchar(30) NOT NULL,
  `tanggal_permintaan` date NOT NULL,
  `batas_pembayaran` date DEFAULT NULL,
  `pembayaran` float DEFAULT NULL,
  `sisa` float DEFAULT NULL,
  `total` bigint(20) NOT NULL,
  `id_supplier` int(11) NOT NULL DEFAULT '0',
  `proses` int(2) NOT NULL DEFAULT '0',
  `gudang` char(2) DEFAULT NULL,
  `created_by` varchar(20) NOT NULL,
  `created_date` date NOT NULL,
  `updated_by` varchar(20) DEFAULT NULL,
  `updated_date` date DEFAULT NULL
) ENGINE=InnoDB DEFAULT CHARSET=latin1;

--
-- Dumping data for table `pembelian`
--

INSERT INTO `pembelian` (`no_pembelian`, `tanggal_permintaan`, `batas_pembayaran`, `pembayaran`, `sisa`, `total`, `id_supplier`, `proses`, `gudang`, `created_by`, `created_date`, `updated_by`, `updated_date`) VALUES
('PR-20160711-0001', '2016-07-11', '0000-00-00', 30000, 0, 30000, 10, 1, 'A', 'CT-ADM-0001', '2016-07-11', 'CT-ADM-0001', '2016-07-11'),
('PR-20160711-0002', '2016-07-12', '2016-07-20', 25000, 0, 25000, 8, 1, 'A', 'CT-ADM-0001', '2016-07-11', 'CT-ADM-0001', '2016-07-12'),
('PR-20160726-0001', '2016-07-26', '2016-07-30', 140000, 12222, 152222, 4, 1, 'A', 'CT-ADM-0001', '2016-04-26', 'CT-ADM-0001', '2016-04-26'),
('PR-20160726-0002', '2016-07-26', '2016-07-30', 100000, 20000, 120000, 6, 1, 'B', 'CT-ADM-0001', '2016-07-26', 'CT-ADM-0001', '2016-07-26'),
('PR-20160727-0001', '2016-07-27', '0000-00-00', 40000, 3000, 43000, 10, 1, 'A', 'CT-ADM-0001', '2016-07-27', 'CT-ADM-0001', '2016-07-27'),
('PR-20171121-0001', '0000-00-00', NULL, NULL, NULL, 0, 0, 0, 'A', 'CT-ADM-0001', '2017-11-21', NULL, NULL);

-- --------------------------------------------------------

--
-- Table structure for table `penjualan_ecer`
--

CREATE TABLE IF NOT EXISTS `penjualan_ecer` (
  `no_penjualan` varchar(30) NOT NULL,
  `grand_total` float NOT NULL DEFAULT '0',
  `ppn` float NOT NULL DEFAULT '0',
  `total` bigint(20) DEFAULT '0',
  `keterangan` varchar(30) DEFAULT NULL,
  `nama_pembeli` varchar(100) DEFAULT NULL,
  `pembayaran` int(11) DEFAULT '0',
  `sisa` int(11) DEFAULT '0',
  `proses` int(11) NOT NULL DEFAULT '0',
  `created_by` varchar(20) NOT NULL,
  `created_date` date NOT NULL,
  `updated_by` varchar(20) DEFAULT NULL,
  `updated_date` date DEFAULT NULL
) ENGINE=InnoDB DEFAULT CHARSET=latin1;

--
-- Dumping data for table `penjualan_ecer`
--

INSERT INTO `penjualan_ecer` (`no_penjualan`, `grand_total`, `ppn`, `total`, `keterangan`, `nama_pembeli`, `pembayaran`, `sisa`, `proses`, `created_by`, `created_date`, `updated_by`, `updated_date`) VALUES
('PJE-20160712-0001', 13200, 1200, 12000, NULL, 'Ade', 13200, 0, 1, 'CT-ADM-0001', '2016-07-12', 'CT-ADM-0001', '2016-07-12'),
('PJE-20160728-0001', 18145600, 1649600, 16496000, NULL, 'Edi', 18200000, 0, 1, 'CT-ADM-0001', '2016-07-28', 'CT-ADM-0001', '2016-07-28'),
('PJE-20160908-0001', 0, 0, 0, NULL, NULL, 0, 0, 0, 'CT-ADM-0001', '2016-09-08', NULL, NULL);

-- --------------------------------------------------------

--
-- Table structure for table `penjualan_partai`
--

CREATE TABLE IF NOT EXISTS `penjualan_partai` (
  `no_penjualan` varchar(30) NOT NULL,
  `grand_total` float NOT NULL DEFAULT '0',
  `ppn` float NOT NULL DEFAULT '0',
  `total` bigint(20) NOT NULL DEFAULT '0',
  `keterangan` varchar(30) NOT NULL,
  `id_customer` int(11) DEFAULT NULL,
  `pembayaran` int(11) NOT NULL DEFAULT '0',
  `sisa` int(11) NOT NULL DEFAULT '0',
  `proses` int(11) NOT NULL DEFAULT '0',
  `created_by` varchar(20) NOT NULL,
  `created_date` date NOT NULL,
  `updated_by` varchar(20) NOT NULL,
  `updated_date` date NOT NULL
) ENGINE=InnoDB DEFAULT CHARSET=latin1;

--
-- Dumping data for table `penjualan_partai`
--

INSERT INTO `penjualan_partai` (`no_penjualan`, `grand_total`, `ppn`, `total`, `keterangan`, `id_customer`, `pembayaran`, `sisa`, `proses`, `created_by`, `created_date`, `updated_by`, `updated_date`) VALUES
('PJP-20160711-0001', 66000, 6000, 60000, '', 38, 66000, 0, 1, 'CT-ADM-0001', '2016-07-11', 'CT-ADM-0001', '2016-07-11'),
('PJP-20160726-0001', 257399, 23399.9, 233999, '', 37, 257399, 0, 1, 'CT-ADM-0001', '2016-07-26', 'CT-ADM-0001', '2016-07-26'),
('PJP-20160726-0002', 22000, 2000, 20000, '', 31, 22000, 0, 1, 'CT-ADM-0001', '2016-07-26', 'CT-ADM-0001', '2016-07-26');

-- --------------------------------------------------------

--
-- Table structure for table `satuan`
--

CREATE TABLE IF NOT EXISTS `satuan` (
  `id_satuan` int(11) NOT NULL,
  `nama_satuan` varchar(30) NOT NULL
) ENGINE=InnoDB AUTO_INCREMENT=34 DEFAULT CHARSET=latin1;

--
-- Dumping data for table `satuan`
--

INSERT INTO `satuan` (`id_satuan`, `nama_satuan`) VALUES
(7, 'Sak'),
(8, '1 kg'),
(9, '2 kg'),
(10, '500 ml'),
(11, '250 ml'),
(12, '100 ml'),
(13, '250 gr'),
(14, '40 gr'),
(15, '2000 L'),
(16, '80 ml'),
(17, '1 L'),
(18, '300 ml'),
(19, '15 gr'),
(20, '5 kg'),
(21, 'Sachet'),
(22, '225 butir'),
(23, '125 butir'),
(24, '350 butir'),
(25, 'Kaleng'),
(26, '400 butir'),
(27, '1100 butir'),
(28, '95 butir'),
(29, '60 butir'),
(30, '10 kg'),
(31, '30 kg'),
(32, '2,5 kg'),
(33, 'Buah');

-- --------------------------------------------------------

--
-- Table structure for table `setting`
--

CREATE TABLE IF NOT EXISTS `setting` (
  `ppn` int(3) NOT NULL DEFAULT '0',
  `dir` varchar(1000) NOT NULL DEFAULT 'C:/'
) ENGINE=InnoDB DEFAULT CHARSET=latin1;

--
-- Dumping data for table `setting`
--

INSERT INTO `setting` (`ppn`, `dir`) VALUES
(10, 'E:/');

-- --------------------------------------------------------

--
-- Table structure for table `supplier`
--

CREATE TABLE IF NOT EXISTS `supplier` (
  `id_supplier` int(11) NOT NULL,
  `nama` varchar(50) NOT NULL,
  `nama_toko` varchar(50) NOT NULL,
  `alamat` text NOT NULL,
  `no_telp` varchar(20) NOT NULL,
  `created_by` varchar(20) NOT NULL,
  `created_date` date NOT NULL,
  `updated_by` varchar(20) DEFAULT NULL,
  `updated_date` date DEFAULT NULL
) ENGINE=InnoDB AUTO_INCREMENT=18 DEFAULT CHARSET=latin1;

--
-- Dumping data for table `supplier`
--

INSERT INTO `supplier` (`id_supplier`, `nama`, `nama_toko`, `alamat`, `no_telp`, `created_by`, `created_date`, `updated_by`, `updated_date`) VALUES
(4, 'Ucup Supiani', 'PT. Petrokimia Gresik', 'Gresik\r\n', '031-3982100', 'CT-ADM-0001', '2016-05-23', 'CT-ADM-0001', '2016-05-24'),
(5, 'Wasis Muhammad', 'PT. Petrosida Gresik', 'Gresik', '081330791182', 'CT-ADM-0001', '2016-05-23', NULL, NULL),
(6, 'Haryanto', 'PT. Yasida', 'Gresik\r\n', '81366337360', 'CT-ADM-0001', '2016-05-23', NULL, NULL),
(7, 'Wiwit', 'PT. Pratama Sumber Milindo', 'Surabaya\r\n', '8155031606', 'CT-ADM-0001', '2016-05-23', NULL, NULL),
(8, 'Cak ik', 'PT. Tani Sejati', 'Malang\r\n', '811365160', 'CT-ADM-0001', '2016-05-23', NULL, NULL),
(9, 'Tutik', 'PT. Sumber Makmur Agroindo', 'Jombang\r\n', '0321-866188', 'CT-ADM-0001', '2016-05-23', NULL, NULL),
(10, 'Yuni', 'PT. Karisma Indoagro Universal', 'Jember\r\n', '0331-483333', 'CT-ADM-0001', '2016-05-23', NULL, NULL),
(11, 'P. Dhoho', 'PT. Agro Santosa', 'Banyuwangi\r\n', '0333-842698', 'CT-ADM-0001', '2016-05-23', NULL, NULL),
(12, 'H. Ali', 'Toko Pakan Ayam', 'Bangkalan\r\n', '87850780116', 'CT-ADM-0001', '2016-05-23', NULL, NULL),
(13, 'Bu Martin', 'Toko Cahaya Baru', 'Surabaya\r\n', '031-5479506', 'CT-ADM-0001', '2016-05-23', NULL, NULL),
(14, 'Aang', 'PT. Petamas Makmur Agro Jatim', 'Surabaya\r\n', '81357012489', 'CT-ADM-0001', '2016-05-23', NULL, NULL),
(15, 'Anto', 'PT. Swarna Prima Artha', 'Sidoarjo\r\n', '8117202897', 'CT-ADM-0001', '2016-05-23', NULL, NULL),
(16, 'H. Mustari', 'PT. Bunga Tani', 'Gresik\r\n', '8121687739', 'CT-ADM-0001', '2016-05-23', NULL, NULL),
(17, 'M. Hasan Bisry', 'PT. Boster', 'Surabaya\r\n', '87854836281', 'CT-ADM-0001', '2016-05-23', NULL, NULL);

-- --------------------------------------------------------

--
-- Table structure for table `sup_brg`
--

CREATE TABLE IF NOT EXISTS `sup_brg` (
  `id` int(11) NOT NULL,
  `id_supplier` int(11) NOT NULL,
  `id_barang` varchar(20) NOT NULL
) ENGINE=InnoDB DEFAULT CHARSET=latin1;

-- --------------------------------------------------------

--
-- Table structure for table `transaksi_lain`
--

CREATE TABLE IF NOT EXISTS `transaksi_lain` (
  `id_transaksi` varchar(50) NOT NULL,
  `keterangan` varchar(255) NOT NULL,
  `total` int(11) NOT NULL,
  `tanggal` date NOT NULL
) ENGINE=InnoDB DEFAULT CHARSET=latin1;

--
-- Dumping data for table `transaksi_lain`
--

INSERT INTO `transaksi_lain` (`id_transaksi`, `keterangan`, `total`, `tanggal`) VALUES
('TL-20160711-0001', 'Gaji karyawan', 50000, '2016-07-11');

-- --------------------------------------------------------

--
-- Table structure for table `user`
--

CREATE TABLE IF NOT EXISTS `user` (
  `username` varchar(20) NOT NULL,
  `password` varchar(255) NOT NULL,
  `nama` varchar(50) NOT NULL,
  `alamat` text NOT NULL,
  `no_telp` varchar(20) NOT NULL,
  `posisi` int(2) NOT NULL,
  `created_by` varchar(20) DEFAULT NULL,
  `created_date` date DEFAULT NULL,
  `updated_by` varchar(20) DEFAULT NULL,
  `updated_date` date DEFAULT NULL,
  `status` varchar(20) DEFAULT NULL,
  `photo` varchar(255) DEFAULT NULL
) ENGINE=InnoDB DEFAULT CHARSET=latin1;

--
-- Dumping data for table `user`
--

INSERT INTO `user` (`username`, `password`, `nama`, `alamat`, `no_telp`, `posisi`, `created_by`, `created_date`, `updated_by`, `updated_date`, `status`, `photo`) VALUES
('CT-ADM-0001', '$2y$10$9DkPNWmRGzFJParBikhSXeZUauHiKUtjRDMrItkKIORIVwwo.OFre', 'admin', 'admin', '00000', 1, 'CT-ADM-0001', '2016-05-21', 'CT-ADM-0001', '2016-05-21', '1', NULL),
('CT-ADM-0002', '$2y$10$YnZD0bDkmOHEY4BDGRhLZOI3kqtCkkry.R9zwSUBM4uUAeLo5bzG2', 'Ike', 'Kamal, Madura', '000000', 1, 'CT-ADM-0001', '2016-05-21', NULL, NULL, NULL, NULL),
('CT-EMP-0001', '$2y$10$65f0xSekVsc/X0b4xN9BBOWZDolAoRwmueCwyag9U/I7.OcQG6xbO', 'A', 'JL', '12345678', 2, 'CT-ADM-0001', '2016-06-23', NULL, NULL, '1', NULL),
('CT-EMP-0002', '$2y$10$7AVrZBtB.38GarKjH9MxF.AZkg12q.j68nYZOt0gHh498.y29oYSO', 'q', 'w', 'e', 2, 'CT-ADM-0001', '2016-07-26', NULL, NULL, '0', NULL);

--
-- Indexes for dumped tables
--

--
-- Indexes for table `barang`
--
ALTER TABLE `barang`
  ADD PRIMARY KEY (`id_barang`);

--
-- Indexes for table `customer`
--
ALTER TABLE `customer`
  ADD PRIMARY KEY (`id_customer`);

--
-- Indexes for table `d_pembelian`
--
ALTER TABLE `d_pembelian`
  ADD PRIMARY KEY (`id`);

--
-- Indexes for table `d_penjualan_ecer`
--
ALTER TABLE `d_penjualan_ecer`
  ADD PRIMARY KEY (`id`);

--
-- Indexes for table `d_penjualan_partai`
--
ALTER TABLE `d_penjualan_partai`
  ADD PRIMARY KEY (`id`);

--
-- Indexes for table `kategori`
--
ALTER TABLE `kategori`
  ADD PRIMARY KEY (`id_kategori`);

--
-- Indexes for table `pembelian`
--
ALTER TABLE `pembelian`
  ADD PRIMARY KEY (`no_pembelian`);

--
-- Indexes for table `penjualan_ecer`
--
ALTER TABLE `penjualan_ecer`
  ADD PRIMARY KEY (`no_penjualan`);

--
-- Indexes for table `penjualan_partai`
--
ALTER TABLE `penjualan_partai`
  ADD PRIMARY KEY (`no_penjualan`);

--
-- Indexes for table `satuan`
--
ALTER TABLE `satuan`
  ADD PRIMARY KEY (`id_satuan`);

--
-- Indexes for table `setting`
--
ALTER TABLE `setting`
  ADD PRIMARY KEY (`ppn`);

--
-- Indexes for table `supplier`
--
ALTER TABLE `supplier`
  ADD PRIMARY KEY (`id_supplier`);

--
-- Indexes for table `sup_brg`
--
ALTER TABLE `sup_brg`
  ADD PRIMARY KEY (`id`);

--
-- Indexes for table `transaksi_lain`
--
ALTER TABLE `transaksi_lain`
  ADD PRIMARY KEY (`id_transaksi`);

--
-- Indexes for table `user`
--
ALTER TABLE `user`
  ADD PRIMARY KEY (`username`);

--
-- AUTO_INCREMENT for dumped tables
--

--
-- AUTO_INCREMENT for table `barang`
--
ALTER TABLE `barang`
  MODIFY `id_barang` int(11) NOT NULL AUTO_INCREMENT,AUTO_INCREMENT=389;
--
-- AUTO_INCREMENT for table `customer`
--
ALTER TABLE `customer`
  MODIFY `id_customer` int(11) NOT NULL AUTO_INCREMENT,AUTO_INCREMENT=51;
--
-- AUTO_INCREMENT for table `d_pembelian`
--
ALTER TABLE `d_pembelian`
  MODIFY `id` bigint(20) NOT NULL AUTO_INCREMENT,AUTO_INCREMENT=15;
--
-- AUTO_INCREMENT for table `d_penjualan_ecer`
--
ALTER TABLE `d_penjualan_ecer`
  MODIFY `id` bigint(20) NOT NULL AUTO_INCREMENT,AUTO_INCREMENT=23;
--
-- AUTO_INCREMENT for table `d_penjualan_partai`
--
ALTER TABLE `d_penjualan_partai`
  MODIFY `id` bigint(20) NOT NULL AUTO_INCREMENT,AUTO_INCREMENT=9;
--
-- AUTO_INCREMENT for table `kategori`
--
ALTER TABLE `kategori`
  MODIFY `id_kategori` int(11) NOT NULL AUTO_INCREMENT,AUTO_INCREMENT=9;
--
-- AUTO_INCREMENT for table `satuan`
--
ALTER TABLE `satuan`
  MODIFY `id_satuan` int(11) NOT NULL AUTO_INCREMENT,AUTO_INCREMENT=34;
--
-- AUTO_INCREMENT for table `supplier`
--
ALTER TABLE `supplier`
  MODIFY `id_supplier` int(11) NOT NULL AUTO_INCREMENT,AUTO_INCREMENT=18;
--
-- AUTO_INCREMENT for table `sup_brg`
--
ALTER TABLE `sup_brg`
  MODIFY `id` int(11) NOT NULL AUTO_INCREMENT;
/*!40101 SET CHARACTER_SET_CLIENT=@OLD_CHARACTER_SET_CLIENT */;
/*!40101 SET CHARACTER_SET_RESULTS=@OLD_CHARACTER_SET_RESULTS */;
/*!40101 SET COLLATION_CONNECTION=@OLD_COLLATION_CONNECTION */;
